,Year,Province Code,GDP ($mm),Pop (k),CPI (healthcare),Private health spend/capita ($),Public health spend/capita ($)
0,1975,N.L.,,556.5,31.47279126,106.65472220000001,368.63463360000003
1,1976,N.L.,,562.6,35.72161809,154.4031003,401.5884935
2,1977,N.L.,,565.3,38.16075941,215.41760330000002,426.51114450000006
3,1978,N.L.,,567.7,40.28517282,257.6754934,469.2839528
4,1979,N.L.,,570.1,42.16225972,288.4002456,541.8343203
5,1980,N.L.,,572.9,46.90912373,311.7947220000001,610.5485162
6,1981,N.L.,5240.0,574.8,51.8274524,366.78089680000005,714.0981254
7,1982,N.L.,5639.0,574.6,58.34310983,380.1502155,840.2606522
8,1983,N.L.,6052.0,579.6,65.2016966,405.01235510000004,929.9744125
9,1984,N.L.,6495.0,580.2,69.28075083,330.6054533,965.0591798
10,1985,N.L.,6812.0,579.3,71.54588936,340.1606868,1016.336611
11,1986,N.L.,7377.0,576.5,76.08519087,294.1515176000001,1115.183566
12,1987,N.L.,7973.0,575.2,80.04692717,326.88617139999997,1205.90512
13,1988,N.L.,8559.0,575.0,83.44914719,342.8129992000001,1276.137428
14,1989,N.L.,9059.0,576.4,87.56429925,353.7529995,1366.632392
15,1990,N.L.,9295.0,578.0,90.84920134,381.5505656,1515.289209
16,1991,N.L.,9702.0,579.5,95.52386969,427.13058,1562.856642
17,1992,N.L.,9679.0,580.0,98.48389135,463.98581510000014,1600.380181
18,1993,N.L.,9878.0,579.9,101.0017146,489.9918518999999,1594.8381880000006
19,1994,N.L.,10408.0,574.5,101.3987907,524.2006903,1650.4487
20,1995,N.L.,10860.0,567.4,101.0017146,522.2689893999999,1714.871727
21,1996,N.L.,10614.0,559.8,99.94585326,498.3092319,1740.597886
22,1997,N.L.,10718.0,551.0,100.0,516.3307998,1852.679843
23,1998,N.L.,11279.0,539.9,101.83196459999999,603.0205344999998,2051.728336
24,1999,N.L.,12351.0,533.4,103.3390488,623.4425942,2344.867141
25,2000,N.L.,14153.0,528.0,105.3876004,697.9976982000003,2497.2882870000008
26,2001,N.L.,14441.0,522.0,107.17444270000001,742.1453966,2711.818529
27,2002,N.L.,16730.0,519.4,108.31152420000001,800.8935042,2907.086981
28,2003,N.L.,18415.0,518.4,109.45763020000001,907.5266088999999,3069.765766
29,2004,N.L.,19666.0,517.3,109.1868965,984.2635961000001,3149.480132
30,2005,N.L.,22267.0,514.1,110.1795867,1075.835223,3281.060389
31,2006,N.L.,24577.0,510.6,112.5169209,1108.307416,3496.021304
32,2007,N.L.,29065.0,509.0,114.24059199999999,1253.2065400000001,3789.7222520000014
33,2008,N.L.,31573.0,511.5,116.55987730000001,1262.367069,4104.074511
34,2009,N.L.,25001.0,516.7,123.3372439,1331.157959,4486.522599
35,2010,N.L.,29085.0,522.0,122.804801,1470.458066,4885.049813000001
36,2011,N.L.,33539.0,525.0,123.75236890000001,1522.126394,5167.109192
37,2012,N.L.,32033.0,526.5,124.31188519999999,1615.264239,5319.600047999998
38,2013,N.L.,34459.0,527.4,120.9367386,1566.957956,5285.388548
39,2014,N.L.,34277.0,528.4,120.7562494,1623.8592429999999,5292.6648509999995
40,2015,N.L.,30332.0,528.8,121.64967060000001,1605.7832429999999,5458.79166
41,2016,N.L.,31112.0,530.3,123.6801733,1684.234173,5502.168633
42,2017,N.L.,31951.3492,528.8,125.74677379999999,1722.592866,5543.832271
43,2018,N.L.,33238.64684,525.5,126.76306570000001,1784.53925,5658.138939
44,1975,P.E.I.,,117.7,26.57565449,135.81025480000002,366.8123476
45,1976,P.E.I.,,118.6,28.51657308,131.4170214,398.4045109
46,1977,P.E.I.,,120.0,30.75609452,134.1909539,438.36800489999996
47,1978,P.E.I.,,121.7,34.26467812,171.57211,481.47706919999996
48,1979,P.E.I.,,123.0,36.10534265,258.3148561,526.923202
49,1980,P.E.I.,,123.7,39.40909949,380.6924974,607.8956727000002
50,1981,P.E.I.,1071.0,123.7,45.62016236,398.7762955,703.3945903
51,1982,P.E.I.,1150.0,123.9,52.81291297,407.146103,823.0245682999997
52,1983,P.E.I.,1334.0,125.4,56.42816689,407.2331807,904.0662048
53,1984,P.E.I.,1375.0,126.6,61.70473853,394.192233,956.7040208999999
54,1985,P.E.I.,1435.0,127.7,66.01850104,414.6597807,1004.736287
55,1986,P.E.I.,1669.0,128.4,70.05852369,386.1328814,1074.571341
56,1987,P.E.I.,1768.0,128.6,73.80592788,414.2417139,1164.0984740000001
57,1988,P.E.I.,1940.0,129.3,79.63941854,437.4178916999999,1260.706853
58,1989,P.E.I.,2089.0,130.1,83.27355107,499.1758931,1340.835225
59,1990,P.E.I.,2179.0,130.5,88.33301869,535.908656,1426.829912
60,1991,P.E.I.,2256.0,130.3,93.34528979,589.6945246,1563.8094119999994
61,1992,P.E.I.,2303.0,130.8,96.17708137,655.8788351,1599.5673880000006
62,1993,P.E.I.,2488.0,132.1,98.13101756,707.5086345,1651.430404
63,1994,P.E.I.,2541.0,133.4,98.82952615,724.6626877,1626.424784
64,1995,P.E.I.,2670.0,134.4,98.08382103,778.3962255,1657.765702
65,1996,P.E.I.,2826.0,135.8,98.61242213,781.2463709,1716.3612670000002
66,1997,P.E.I.,2836.0,136.1,100.0,811.1608181,1689.182661
67,1998,P.E.I.,2977.0,135.8,102.6996413,853.1375688999997,1807.7795
68,1999,P.E.I.,3161.0,136.3,103.7851614,878.2940229000003,1900.332394
69,2000,P.E.I.,3384.0,136.5,107.4948084,905.9749636,2034.62252
70,2001,P.E.I.,3449.0,136.7,110.9873513,1078.9264349999999,2403.426116
71,2002,P.E.I.,3706.0,136.9,113.28110249999999,1020.751499,2666.111988
72,2003,P.E.I.,3801.0,137.3,114.8669058,1174.863136,2740.474051
73,2004,P.E.I.,4028.0,137.9,115.48046059999999,1176.9597820000001,2692.79677
74,2005,P.E.I.,4258.0,138.2,117.34000379999999,1181.168188,2877.269899
75,2006,P.E.I.,4426.0,137.9,118.8125354,1378.374632,2998.9207760000004
76,2007,P.E.I.,4630.0,137.7,119.8131018,1371.741701,3230.411484
77,2008,P.E.I.,4754.0,138.8,121.08740800000001,1339.831761,3514.871685
78,2009,P.E.I.,4930.0,139.9,128.9881065,1547.8388539999999,3920.484208
79,2010,P.E.I.,5224.0,141.7,127.119124,1620.9944050000001,4204.293320000002
80,2011,P.E.I.,5424.0,144.0,127.21351709999999,1769.575059,4596.381724
81,2012,P.E.I.,5571.0,145.1,128.3651123,1677.217561,4480.100817000001
82,2013,P.E.I.,5753.0,145.2,125.1840665,1642.442462,4537.127135
83,2014,P.E.I.,5849.0,145.9,125.42004909999999,1643.253835,4511.8680060000015
84,2015,P.E.I.,6077.0,146.8,127.8648291,1658.2281289999999,4608.3277130000015
85,2016,P.E.I.,6321.0,149.5,130.7343779,1681.122355,4729.1709740000015
86,2017,P.E.I.,6665.578228,152.0,133.0186898,1761.659284,4953.287008
87,2018,P.E.I.,6985.636856,153.7,135.8666488,1809.996726,5014.232564
88,1975,N.S.,,826.5,26.80573194,98.13233529,364.60715089999997
89,1976,N.S.,,835.2,28.76345393,120.69087490000001,408.76131269999996
90,1977,N.S.,,839.7,31.02236393,118.5867212,440.0621661
91,1978,N.S.,,844.5,34.56132292,129.6304906,477.18156339999996
92,1979,N.S.,,849.2,36.63757464,150.52459219999997,524.1560501
93,1980,N.S.,,852.9,40.98300413,173.27920669999997,597.3324353999999
94,1981,N.S.,8072.0,854.6,46.71566376,195.1685965,727.838165
95,1982,N.S.,9392.0,860.0,54.91042719,231.6259727,837.0891926
96,1983,N.S.,10632.0,869.2,60.71658245,248.36592430000002,907.7719217
97,1984,N.S.,11897.0,877.2,64.96095544,283.2764941000001,999.6826875
98,1985,N.S.,12896.0,885.1,69.27882407,322.3630740000001,1070.1805769999999
99,1986,N.S.,14052.0,889.3,72.98116674,397.7070046,1150.533135
100,1987,N.S.,15064.0,893.5,77.34497014,442.1429585,1304.532825
101,1988,N.S.,15902.0,897.4,81.36885622,468.31780610000004,1298.163576
102,1989,N.S.,17022.0,903.9,84.8690859,520.3152581999999,1417.8742519999994
103,1990,N.S.,17601.0,909.6,89.47175011,539.0803545,1513.306021
104,1991,N.S.,18255.0,915.1,94.61644465,566.9438701,1585.8625650000001
105,1992,N.S.,18764.0,919.6,96.49058337,603.0464352000001,1606.215273
106,1993,N.S.,18910.0,924.0,98.44740469,627.1911293,1564.329986
107,1994,N.S.,19257.0,927.0,100.009187,658.3122156000002,1524.47269
108,1995,N.S.,19807.0,928.2,100.50528249999999,669.3500962999998,1551.407476
109,1996,N.S.,20034.0,931.4,101.019752,698.7137109,1544.12739
110,1997,N.S.,20960.0,932.5,100.0,745.2416626,1790.1511
111,1998,N.S.,21980.0,931.9,101.66283879999999,822.0451797000003,1917.3991260000007
112,1999,N.S.,23776.0,933.8,103.00413409999999,833.3474197,2034.289607
113,2000,N.S.,25481.0,933.9,104.4832338,929.6960957,2107.7195899999997
114,2001,N.S.,26727.0,932.4,107.90078090000002,998.0738956,2233.734736
115,2002,N.S.,28004.0,934.5,110.2342673,1115.60341,2423.002278
116,2003,N.S.,29788.0,936.5,112.2553973,1187.043314,2652.552787
117,2004,N.S.,30869.0,938.0,114.29490120000001,1212.1950160000001,2756.070275
118,2005,N.S.,32126.0,936.0,117.1612311,1290.424519,3013.344049
119,2006,N.S.,32727.0,937.9,119.0721176,1421.984857,3345.074305
120,2007,N.S.,33942.0,935.1,121.12999540000001,1509.706295,3585.787360000001
121,2008,N.S.,35416.0,935.9,122.15893429999998,1586.335787,3774.182433
122,2009,N.S.,34933.0,938.2,125.5029858,1771.2427030000001,3856.1570409999995
123,2010,N.S.,36849.0,942.1,126.1276987,1966.973998,4293.836423
124,2011,N.S.,37655.0,944.5,127.1474506,1921.5036739999998,4587.1920009999985
125,2012,N.S.,37836.0,944.9,126.8350942,1923.416929,4638.805572
126,2013,N.S.,38615.0,943.0,125.66835090000001,1854.6129809999998,4658.851298
127,2014,N.S.,39739.0,942.2,125.98989440000001,1937.5164399999999,4738.189529
128,2015,N.S.,40580.0,941.5,127.23932020000001,1911.668382,4852.666244
129,2016,N.S.,41726.0,948.6,129.499311,1954.485254,4833.754157
130,2017,N.S.,42758.64882,953.9,131.1621497,2039.28165,4942.618475
131,2018,N.S.,43870.96576,955.5,132.4478709,2134.286864,5038.685784
132,1975,N.B. ,,677.0,27.83933681,92.57001954,317.2951228
133,1976,N.B. ,,689.5,31.49039738,97.95617698,368.8864588
134,1977,N.B. ,,695.8,33.31592766,107.02123519999999,408.7756654
135,1978,N.B. ,,699.5,35.20665546,130.1694214,448.3009403
136,1979,N.B. ,,703.2,36.48995486,168.7939756,499.6306077
137,1980,N.B. ,,706.1,41.39304363,208.51973059999997,588.0936667000002
138,1981,N.B. ,6625.0,706.3,46.24303036,251.6110056,712.7972251
139,1982,N.B. ,7258.0,708.2,51.38507833,296.6479791000001,860.1912514
140,1983,N.B. ,8288.0,715.4,56.08460926,325.0925805,925.4859106
141,1984,N.B. ,9178.0,721.0,58.51845296,368.32250780000004,984.0940611999999
142,1985,N.B. ,9756.0,723.7,60.99654837,378.6845703,1039.369595
143,1986,N.B. ,10949.0,725.2,64.31542614,394.2434249,1110.464123
144,1987,N.B. ,12037.0,727.9,69.33356934,419.14094289999997,1221.260916
145,1988,N.B. ,12822.0,730.4,74.16585539,452.4550223,1315.8027769999999
146,1989,N.B. ,13435.0,735.2,78.20161076,479.2776532,1425.044683
147,1990,N.B. ,13764.0,740.1,84.02513497,536.9611173999998,1534.9959529999999
148,1991,N.B. ,13904.0,745.5,89.95486326,593.3778932,1592.010028
149,1992,N.B. ,14376.0,748.1,93.9817683,623.9086238,1648.304941
150,1993,N.B. ,15099.0,748.8,96.09699973,671.6695971,1650.786515
151,1994,N.B. ,15769.0,750.2,98.15912913,694.1834196000003,1695.78585
152,1995,N.B. ,16997.0,751.0,98.53084344,660.9482161000002,1761.673835
153,1996,N.B. ,17263.0,752.3,99.42472785,649.1993517000002,1761.662623
154,1997,N.B. ,17407.0,752.5,100.0,732.7580687999997,1735.078945
155,1998,N.B. ,18170.0,750.6,100.8938844,737.6356334,1826.136472
156,1999,N.B. ,19695.0,750.6,102.5311975,808.6647788,1957.705637
157,2000,N.B. ,20825.0,750.5,103.7171431,850.9021377,2105.168507
158,2001,N.B. ,21432.0,749.9,105.584565,970.5570777999999,2320.354171
159,2002,N.B. ,22017.0,750.3,106.2040889,1048.194701,2437.809421
160,2003,N.B. ,23099.0,751.2,107.76174879999999,1119.3657,2592.952495
161,2004,N.B. ,24416.0,752.0,108.85034070000002,1149.589516,2813.311993
162,2005,N.B. ,25562.0,751.3,110.4699531,1309.9400289999999,3075.981137
163,2006,N.B. ,26718.0,745.6,111.93025929999999,1413.9176949999999,3391.3533450000004
164,2007,N.B. ,28286.0,745.4,113.01885120000001,1441.552889,3553.8266259999996
165,2008,N.B. ,28778.0,746.9,113.61182409999999,1528.6107359999999,3807.2595420000002
166,2009,N.B. ,28858.0,750.0,120.26728030000001,1733.091118,4009.574271
167,2010,N.B. ,30213.0,753.0,121.8249403,1802.8202390000001,4174.782781
168,2011,N.B. ,31501.0,755.5,121.8160899,1784.2080629999994,4401.016706
169,2012,N.B. ,31722.0,756.8,121.5771307,1831.3230670000007,4368.434813
170,2013,N.B. ,31810.0,755.7,117.4174706,1806.326636,4349.498893
171,2014,N.B. ,32388.0,754.7,117.42632090000001,1885.9989449999998,4347.515904999998
172,2015,N.B. ,33028.0,753.9,118.8600761,1928.1670829999998,4491.718009
173,2016,N.B. ,34224.0,757.4,120.5062395,1934.525015,4545.452379
174,2017,N.B. ,35551.35512,759.7,122.39136210000001,1990.2255719999998,4685.559711999998
175,2018,N.B. ,36666.97377,761.0,123.0646188,2065.959133,4868.591095000002
176,1975,Que.,,6330.3,30.47862779,113.0340348,420.71174620000005
177,1976,Que.,,6396.8,32.91971066,118.03421840000001,487.7662028
178,1977,Que.,,6431.7,34.09076657,120.15007220000001,532.9702006
179,1978,Que.,,6440.2,36.18463229,130.9235345,593.6770548999998
180,1979,Que.,,6466.4,38.86802821,139.421214,656.9382393999998
181,1980,Que.,,6507.0,43.21824343,167.3632168,737.2795816
182,1981,Que.,82460.0,6547.7,48.08132613,213.3660414,838.5694112000001
183,1982,Que.,87286.0,6579.3,52.99935892,232.3300883,966.9582625
184,1983,Que.,94172.0,6602.3,56.48868944,248.874251,1065.1066369999999
185,1984,Que.,103018.0,6631.2,59.55673596,275.60615319999994,1128.925884
186,1985,Que.,110112.0,6665.7,62.5698324,315.6996373,1189.310511
187,1986,Que.,119828.0,6708.5,66.47128858,370.5928212,1200.164234
188,1987,Que.,131318.0,6782.5,70.78487041,388.0807736,1273.3306460000001
189,1988,Que.,143225.0,6839.0,75.11676893,416.84832850000004,1378.613548
190,1989,Que.,150304.0,6928.7,79.36624233,459.2112296,1458.947537
191,1990,Que.,155692.0,7003.9,83.42339042,499.347041,1553.524906
192,1991,Que.,157519.0,7064.6,87.08672955,540.6293415,1693.358436
193,1992,Que.,160876.0,7108.0,91.27209451,582.6590792999998,1735.8307170000005
194,1993,Que.,164862.0,7155.3,93.89138199,621.1587077,1743.981666
195,1994,Que.,174084.0,7191.9,94.93543365,647.0540373,1769.017626
196,1995,Que.,181476.0,7219.4,96.69383643,645.9840942000002,1780.6474420000006
197,1996,Que.,184431.0,7246.9,97.95768843,652.4076713,1740.996875
198,1997,Que.,192964.0,7274.6,100.0,684.0251616,1792.5697149999999
199,1998,Que.,200311.0,7296.0,102.5460207,692.2596599999997,1933.440953
200,1999,Que.,215447.0,7323.3,104.76234090000001,766.9626307999997,1987.7573120000002
201,2000,Que.,230286.0,7357.0,107.0794029,811.14332,2135.939375
202,2001,Que.,238570.0,7397.0,109.16750619999999,895.1825636,2293.544102
203,2002,Que.,249688.0,7445.7,109.89101570000001,959.1375226,2391.882776000001
204,2003,Que.,259118.0,7494.7,111.4845682,1023.5958380000001,2507.428176000001
205,2004,Que.,271848.0,7549.0,114.2137558,1044.924061,2641.117315
206,2005,Que.,280131.0,7598.0,116.2469091,1127.611016,2756.749261
207,2006,Que.,290555.0,7631.9,117.93204509999998,1193.540872,2944.500526000001
208,2007,Que.,306029.0,7692.7,119.53475590000001,1242.90094,3115.058835000001
209,2008,Que.,314380.0,7761.5,121.32979209999999,1321.811275,3305.321023
210,2009,Que.,314541.0,7843.5,123.7842293,1372.4810320000001,3510.4176119999997
211,2010,Que.,328137.0,7929.4,126.6599505,1516.838046,3607.3628270000004
212,2011,Que.,344734.0,8007.7,128.1527612,1544.256465,3722.1668259999997
213,2012,Que.,354044.0,8085.9,130.0210642,1606.8146689999999,3772.7234020000014
214,2013,Que.,364530.0,8151.3,131.1017492,1629.040957,3905.39991
215,2014,Que.,375513.0,8210.5,132.3472845,1681.189508,3945.679648
216,2015,Que.,384511.0,8254.9,134.04157890000002,1687.1804129999994,4285.24213
217,2016,Que.,394819.0,8321.9,135.6351314,1862.087725,4302.557293
218,2017,Que.,415622.9473,8394.0,136.8073999,1951.901895,4504.4118979999985
219,2018,Que.,431948.881,8450.1,137.8593949,2059.284991,4690.095783
220,1975,Ont.,,8319.7,28.12017796,131.5337915,400.0718942
221,1976,Ont.,,8413.8,30.92845891,143.2664373,455.8441462
222,1977,Ont.,,8505.7,32.95969871,159.89698719999996,489.6196001
223,1978,Ont.,,8591.7,35.7122708,185.8468513,520.8655866
224,1979,Ont.,,8662.7,38.35448989,216.3983568,560.2634279
225,1980,Ont.,,8745.3,41.86177715,243.2081554,629.7301732000002
226,1981,Ont.,132288.0,8811.3,46.80771039,269.83133589999994,740.5700684999997
227,1982,Ont.,139951.0,8922.3,52.8067701,317.6501711,853.0388339
228,1983,Ont.,156457.0,9041.7,57.57404795,359.8362084,950.7672777
229,1984,Ont.,175643.0,9171.9,60.883874,395.20804239999995,1031.5389480000001
230,1985,Ont.,193459.0,9297.6,64.76727786,430.1674656,1123.2312869999996
231,1986,Ont.,212769.0,9438.1,68.63187588,462.7069422,1242.8475640000001
232,1987,Ont.,235466.0,9644.3,72.8725905,503.3557377,1349.183097
233,1988,Ont.,260244.0,9842.2,77.11330512,540.7215315000002,1473.029384
234,1989,Ont.,282754.0,10107.5,81.47625764,581.4346399,1592.269424
235,1990,Ont.,287293.0,10297.9,86.35637047,627.9204998,1683.146862
236,1991,Ont.,288190.0,10428.1,90.95439586,674.9221875,1836.967984
237,1992,Ont.,293007.0,10569.8,93.92571697,716.5435506,1892.322969
238,1993,Ont.,302160.0,10688.4,96.44569817,772.1627499,1854.5059190000002
239,1994,Ont.,319901.0,10818.3,97.75270334,807.9549245000003,1849.5036309999998
240,1995,Ont.,337337.0,10950.0,97.81852374,859.5185522,1815.07408
241,1996,Ont.,347738.0,11083.1,98.60836859,871.1795427000003,1808.015746
242,1997,Ont.,368909.0,11228.3,100.0,918.5704661,1824.065275
243,1998,Ont.,389219.0,11367.0,102.3131171,976.1175091,1938.0697030000001
244,1999,Ont.,418202.0,11506.4,105.1810061,1051.1248699999999,2028.843729
245,2000,Ont.,452186.0,11685.4,107.3624824,1119.538707,2221.385949
246,2001,Ont.,469045.0,11897.6,110.4372355,1192.332893,2320.307668
247,2002,Ont.,494804.0,12102.0,112.81617299999999,1308.996538,2442.8230280000002
248,2003,Ont.,509472.0,12262.6,115.0634697,1341.305896,2702.342285
249,2004,Ont.,533334.0,12420.3,117.1979314,1427.325404,2860.524406
250,2005,Ont.,556607.0,12565.4,121.6173014,1499.759757,3006.491046
251,2006,Ont.,578229.0,12661.6,124.5510108,1581.115299,3166.140364
252,2007,Ont.,601735.0,12764.2,127.41889990000001,1649.37177,3360.424178
253,2008,Ont.,608446.0,12882.6,129.609779,1693.898396,3571.602110000001
254,2009,Ont.,597876.0,12997.7,131.9605078,1742.5834320000001,3774.1282049999995
255,2010,Ont.,630983.0,13135.1,133.6718383,1800.701239,3884.791551
256,2011,Ont.,659740.0,13263.5,135.63704750000002,1833.2110670000002,3933.0947170000004
257,2012,Ont.,680086.0,13413.7,135.4771979,1853.1544440000002,3984.171432
258,2013,Ont.,695354.0,13555.8,136.18241650000002,1890.9367539999998,3977.3803700000003
259,2014,Ont.,726053.0,13680.4,138.14762580000001,1920.5246280000001,4046.5956549999996
260,2015,Ont.,762029.0,13789.6,140.1786554,2026.1738870000001,4090.073978
261,2016,Ont.,794835.0,13976.3,141.8053597,2114.23455,4124.582304
262,2017,Ont.,830301.1452,14193.4,145.5383169,2176.294379,4186.733815
263,2018,Ont.,861595.2186,14327.0,147.4794196,2266.236053,4317.59724
264,1975,Man. ,,1025.0,31.55719283,118.99249499999999,414.03252200000003
265,1976,Man. ,,1031.8,36.30850051,125.6593364,484.3496035
266,1977,Man. ,,1038.0,38.01046148,146.3011187,533.8362036
267,1978,Man. ,,1041.2,40.20882772,153.6547639,565.7015221
268,1979,Man. ,,1037.4,42.39202658,182.18790819999998,611.4577078
269,1980,Man. ,,1034.6,46.93877551,224.54165719999997,714.3460179
270,1981,Man. ,13830.0,1036.4,50.84954912,277.47695310000006,835.2192086
271,1982,Man. ,14333.0,1046.8,55.31086853,301.0252108,971.5381933
272,1983,Man. ,15369.0,1061.1,61.14855244,318.1597871,1075.325024
273,1984,Man. ,17284.0,1071.9,63.76839108,343.12698,1142.1741539999996
274,1985,Man. ,18842.0,1082.3,66.6350261,383.9751079,1211.277916
275,1986,Man. ,19387.0,1091.7,69.95728524,424.9684165,1306.042922
276,1987,Man. ,20771.0,1098.0,72.79544376,409.7772842,1393.621496
277,1988,Man. ,22421.0,1102.0,77.99715235,395.0591892,1482.952907
278,1989,Man. ,23827.0,1103.6,82.40151875,438.77389639999996,1606.819387
279,1990,Man. ,24748.0,1105.7,85.68580921,482.25420149999997,1764.665311
280,1991,Man. ,24596.0,1109.6,90.24205031,513.7098399,1807.8229760000002
281,1992,Man. ,25088.0,1112.7,93.55481728,541.5616274,1886.70474
282,1993,Man. ,25134.0,1117.6,94.99762696,590.7569469,1869.0516690000002
283,1994,Man. ,26634.0,1123.2,96.17465591,613.6210985,1883.553294
284,1995,Man. ,27650.0,1129.1,97.33270052,651.8966217,1930.110923
285,1996,Man. ,29059.0,1134.2,98.88941623,693.6886860000003,1926.756704
286,1997,Man. ,30187.0,1136.1,100.0,746.9101061000001,1982.102197
287,1998,Man. ,31686.0,1137.5,101.51874699999999,789.199609,2099.865758
288,1999,Man. ,32779.0,1142.5,103.00901759999999,862.9219668,2376.355823
289,2000,Man. ,34900.0,1147.4,107.2899858,922.3202013,2619.418826
290,2001,Man. ,36078.0,1151.3,111.1153299,1039.769317,2766.215265
291,2002,Man. ,37582.0,1155.6,113.88704320000001,1079.230331,2907.853922
292,2003,Man. ,38517.0,1161.9,117.1048885,1103.4269259999999,3137.3965329999996
293,2004,Man. ,41015.0,1170.6,119.32605600000001,1149.2844109999999,3322.865721
294,2005,Man. ,43078.0,1174.2,121.19601329999999,1226.097135,3568.328439
295,2006,Man. ,46623.0,1183.5,122.8476507,1319.10467,3743.7895689999996
296,2007,Man. ,49726.0,1189.4,124.4897959,1360.7868839999999,3938.015142
297,2008,Man. ,52154.0,1197.8,126.5401044,1456.757573,4193.21897
298,2009,Man. ,50805.0,1208.6,130.28001899999998,1534.075315,4530.279988
299,2010,Man. ,53312.0,1220.9,131.1532985,1636.519208,4661.537518
300,2011,Man. ,56201.0,1233.7,132.0740389,1596.887153,4818.080365999999
301,2012,Man. ,59782.0,1250.3,132.4632178,1653.3078189999999,5014.167296000001
302,2013,Man. ,62313.0,1265.6,130.1091599,1567.0481300000001,5120.099095000001
303,2014,Man. ,64238.0,1280.9,130.1281443,1632.479164,5050.830968
304,2015,Man. ,66346.0,1295.4,131.8367347,1743.544593,5256.978763
305,2016,Man. ,67863.0,1318.1,133.5643094,1813.636186,5251.606575
306,2017,Man. ,70900.52193999999,1338.1,136.41196010000002,1885.622532,5352.665592
307,2018,Man. ,73455.09815,1351.9,139.5042913,1958.648232,5394.992242
308,1975,Sask.,,917.4,25.43364294,122.7495736,358.1656901
309,1976,Sask.,,931.6,25.19544569,135.7508592,422.78262029999996
310,1977,Sask.,,944.8,26.62382232,152.08344730000005,469.59954410000006
311,1978,Sask.,,951.9,28.81988709,151.9047983,501.915503
312,1979,Sask.,,959.5,29.99453651,165.92956740000002,567.2163377999998
313,1980,Sask.,,967.4,33.22709889,172.83318290000003,670.3752565000002
314,1981,Sask.,15099.0,975.9,37.78000364,190.47897980000002,782.0081953
315,1982,Sask.,15274.0,987.3,41.93225278,206.73522659999998,937.7926085000001
316,1983,Sask.,16226.0,1001.9,46.02076125,218.66058950000001,1036.589734
317,1984,Sask.,17321.0,1015.5,48.53396467,254.67544930000003,1095.729671
318,1985,Sask.,18191.0,1025.5,49.99089419,324.9320358,1165.852871
319,1986,Sask.,17955.0,1029.3,51.62083409,366.9729044,1288.2128109999999
320,1987,Sask.,18501.0,1032.7,67.51957749,383.00699910000003,1328.72403
321,1988,Sask.,19120.0,1028.0,82.6625387,359.2842374,1428.286818
322,1989,Sask.,20123.0,1019.2,85.59460936,415.7134827,1598.434066
323,1990,Sask.,21625.0,1007.1,88.91822983,456.8448043000001,1779.423371
324,1991,Sask.,21776.0,1002.7,92.96120925,489.5944842,1824.010473
325,1992,Sask.,21730.0,1004.0,96.28482972,503.83597649999996,1812.3665640000002
326,1993,Sask.,23089.0,1006.9,100.01821159999999,570.1988832000002,1716.0574399999994
327,1994,Sask.,24665.0,1009.5,101.12001459999999,600.6691052,1762.0536329999998
328,1995,Sask.,26580.0,1014.1,102.4221453,612.8391257999998,1795.4192890000006
329,1996,Sask.,29100.0,1019.1,102.80458929999999,615.9676571,1827.388928
330,1997,Sask.,29172.0,1018.1,100.0,668.0456935,1941.004517
331,1998,Sask.,29852.0,1017.5,102.5951557,663.0679386,2067.327921
332,1999,Sask.,31116.0,1014.7,103.059552,716.4561616000003,2222.271068
333,2000,Sask.,34278.0,1007.8,105.1538882,772.5765921,2369.002165
334,2001,Sask.,33697.0,1000.1,108.61409579999999,875.3830373,2594.926035
335,2002,Sask.,35052.0,995.9,109.26060829999999,907.5746154,2747.441568
336,2003,Sask.,37516.0,994.7,110.8085959,980.1315521,2934.130603
337,2004,Sask.,41518.0,994.9,111.77381170000001,1030.9741980000001,3136.5370420000004
338,2005,Sask.,44880.0,990.0,113.5130213,1070.567015,3421.054010000001
339,2006,Sask.,46171.0,992.3,115.7439446,1181.020159,3651.4485270000014
340,2007,Sask.,52382.0,1002.0,118.2571481,1224.9093679999999,3899.815722
341,2008,Sask.,67620.0,1017.3,118.27535970000001,1217.4568160000001,4168.920384
342,2009,Sask.,60083.0,1034.8,124.8406483,1316.413898,4341.478183
343,2010,Sask.,63370.0,1051.4,125.4507376,1464.753215,4547.707064
344,2011,Sask.,74820.0,1066.3,124.2578765,1446.4656109999999,4790.702665999999
345,2012,Sask.,77957.0,1086.0,124.6949554,1481.439635,4839.792758
346,2013,Sask.,83158.0,1104.8,125.52358400000001,1502.530802,4991.95238
347,2014,Sask.,82856.0,1120.6,127.0806775,1464.945396,5045.480734000002
348,2015,Sask.,78377.0,1131.2,129.12948459999998,1602.291152,5193.133046
349,2016,Sask.,75261.0,1148.6,130.1220178,1672.2636029999999,5307.924816
350,2017,Sask.,78650.80082,1163.9,132.05244950000002,1702.7717280000006,5303.759175
351,2018,Sask.,82556.26883,1171.6,133.0032371,1755.515222,5175.264808
352,1975,Alta.  ,,1808.7,28.51865943,129.69114620000002,418.9619252
353,1976,Alta.  ,,1869.3,31.31903833,139.32319640000003,480.6405831999999
354,1977,Alta.  ,,1947.7,33.31870248,150.56782980000003,502.584816
355,1978,Alta.  ,,2021.8,35.91685912,167.0303418,557.7575845
356,1979,Alta.  ,,2097.6,37.28406467,185.4921583,663.5681445
357,1980,Alta.  ,,2192.4,39.60277136,224.891292,757.1831852000001
358,1981,Alta.  ,54545.0,2294.2,44.0,253.4696546,890.1562539999999
359,1982,Alta.  ,58366.0,2368.3,51.98152425,332.27522289999996,1082.963468
360,1983,Alta.  ,60287.0,2390.4,57.81062356,301.4116186,1213.868663
361,1984,Alta.  ,64637.0,2390.1,61.47806005,321.0983338,1253.82574
362,1985,Alta.  ,68934.0,2403.0,64.32332564,345.9425151,1347.976566
363,1986,Alta.  ,59633.0,2430.9,67.93533487,374.58472589999997,1455.360549
364,1987,Alta.  ,61601.0,2435.3,71.95381062,404.67717410000006,1443.080223
365,1988,Alta.  ,65406.0,2454.4,75.58429561,482.77726060000003,1485.333374
366,1989,Alta.  ,69126.0,2495.2,79.83371824,528.5049295,1615.476936
367,1990,Alta.  ,75326.0,2547.2,84.60046189,558.4719537999998,1698.708276
368,1991,Alta.  ,75078.0,2592.6,89.96766744,580.5154309,1757.8631329999994
369,1992,Alta.  ,76659.0,2632.9,92.83140878,601.7060944,1840.7096609999999
370,1993,Alta.  ,82956.0,2667.4,95.39030023,644.7755187000001,1799.6708609999994
371,1994,Alta.  ,89925.0,2700.7,96.48960739,661.1890727000001,1676.5327109999994
372,1995,Alta.  ,93647.0,2734.5,95.94457275,661.5443012999998,1566.448694
373,1996,Alta.  ,100561.0,2775.2,97.35796767,668.1267132,1609.443836
374,1997,Alta.  ,109192.0,2830.1,100.0,756.2054479,1746.271152
375,1998,Alta.  ,109330.0,2899.5,101.5242494,781.4779735000003,1846.544294
376,1999,Alta.  ,119088.0,2953.3,103.482679,867.3672803,2079.122212
377,2000,Alta.  ,146956.0,3004.9,105.84757509999999,934.7374607,2260.584882
378,2001,Alta.  ,154240.0,3056.7,108.60969979999999,1052.9021810000004,2533.409952
379,2002,Alta.  ,153803.0,3116.3,110.85450349999999,1070.930593,2713.575429
380,2003,Alta.  ,173954.0,3161.4,112.93302539999999,1114.2205310000004,2880.2445789999997
381,2004,Alta.  ,194487.0,3208.2,114.49422630000001,1210.1277519999999,3101.517151
382,2005,Alta.  ,225462.0,3280.7,117.182448,1297.531675,3365.700587
383,2006,Alta.  ,245928.0,3421.4,120.147806,1482.931423,3553.7008170000013
384,2007,Alta.  ,260963.0,3514.0,123.13163970000001,1530.719282,3801.207096
385,2008,Alta.  ,296072.0,3595.8,127.0023095,1570.234724,4130.25159
386,2009,Alta.  ,245688.0,3679.1,134.6974596,1592.860227,4270.328483
387,2010,Alta.  ,270049.0,3732.6,145.91224019999999,1681.851354,4719.526255
388,2011,Alta.  ,299517.0,3790.2,148.8960739,1723.079316,4779.942011
389,2012,Alta.  ,312482.0,3880.8,151.6951501,1758.8308949999994,4909.841447999999
390,2013,Alta.  ,342415.0,3998.0,151.14087759999995,1759.328663,4945.967355
391,2014,Alta.  ,376597.0,4108.4,152.85912240000005,1815.5025890000002,4987.855165
392,2015,Alta.  ,331251.0,4177.5,154.93764430000004,1943.653105,5125.599646
393,2016,Alta.  ,314944.0,4236.4,157.3579677,2007.918997,5230.623368
394,2017,Alta.  ,342034.354,4286.1,159.2332564,2061.367801000001,5328.517315
395,2018,Alta.  ,362527.0642,4365.1,161.2659341,2125.2426379999997,5426.824858
396,1975,B.C. ,,2499.6,31.15004257,155.5638341,397.8750937
397,1976,B.C. ,,2533.8,34.52157659,185.9475972,456.69433669999995
398,1977,B.C. ,,2569.7,36.72040313,216.69225950000003,496.16083889999993
399,1978,B.C. ,,2614.0,38.91922966,229.4963087,552.6060081
400,1979,B.C. ,,2663.0,42.97211842,241.58985090000002,617.8099617
401,1980,B.C. ,,2743.2,48.43345789,294.5253714,755.3324117999997
402,1981,B.C. ,45999.0,2823.9,54.23972406,311.2982868,903.4516754000001
403,1982,B.C. ,45934.0,2872.9,60.16096579,328.2799768000001,1018.8681720000001
404,1983,B.C. ,48555.0,2905.5,64.84622018,353.448918,1076.857458
405,1984,B.C. ,50962.0,2945.6,68.12302386,393.5346893,1110.01763
406,1985,B.C. ,54872.0,2974.3,70.14467759,412.58451260000004,1146.7553369999996
407,1986,B.C. ,57943.0,3004.1,73.00948548,438.47718210000005,1220.615168
408,1987,B.C. ,64040.0,3050.2,76.19047619,473.72209910000004,1277.427559
409,1988,B.C. ,70951.0,3115.4,79.62058063,512.6606068,1361.650713
410,1989,B.C. ,77271.0,3197.9,82.25543739,554.4236943,1481.217682
411,1990,B.C. ,81231.0,3290.8,84.84238766,603.4832057,1638.003615
412,1991,B.C. ,83792.0,3373.5,89.3264348,640.1546002,1769.0460870000006
413,1992,B.C. ,89371.0,3468.4,91.99961675,660.5796664,1867.8528199999998
414,1993,B.C. ,96069.0,3567.4,94.83568075,680.3298585,1925.8902079999998
415,1994,B.C. ,102426.0,3675.7,96.94356616,689.1764391,1969.1815989999998
416,1995,B.C. ,107931.0,3777.0,97.73881384,681.5738504,1996.0074920000002
417,1996,B.C. ,111201.0,3874.3,98.75443135,694.1653876,1984.55945
418,1997,B.C. ,117135.0,3948.5,100.0,731.7515041,2011.5342239999998
419,1998,B.C. ,118189.0,3983.1,102.88397049999999,780.7637404,2084.944846
420,1999,B.C. ,123964.0,4011.3,105.16431920000001,825.2249820000003,2236.0198969999997
421,2000,B.C. ,134606.0,4039.2,108.1441027,887.9865957999997,2432.623776000001
422,2001,B.C. ,136852.0,4078.4,111.5742071,946.5174512,2652.907664
423,2002,B.C. ,141943.0,4115.4,114.97556770000001,1024.934674,2782.741677
424,2003,B.C. ,149754.0,4155.4,117.29424159999999,1074.8734789999999,2870.941064
425,2004,B.C. ,162300.0,4203.8,119.26798889999999,1164.116023,2909.652227
426,2005,B.C. ,174866.0,4260.2,122.1232155,1178.796544,3052.058916
427,2006,B.C. ,188236.0,4241.7,125.361694,1381.1231619999999,3193.588327
428,2007,B.C. ,198325.0,4291.0,127.8719939,1369.621567,3347.8932870000012
429,2008,B.C. ,204405.0,4349.4,130.842196,1508.6073609999999,3606.661296
430,2009,B.C. ,196247.0,4410.7,134.0615119,1498.663966,3698.431533
431,2010,B.C. ,205114.0,4465.9,136.1214908,1614.6598,3838.8995409999998
432,2011,B.C. ,216784.0,4499.1,137.5299416,1645.584053,3950.6356619999997
433,2012,B.C. ,221413.0,4546.3,137.45329119999997,1690.299761,4070.458724
434,2013,B.C. ,228973.0,4590.1,135.1058733,1589.282608,4043.980857
435,2014,B.C. ,242044.0,4646.5,134.5597394,1759.9677390000006,4167.343097
436,2015,B.C. ,251744.0,4694.7,135.21126759999999,1775.3873219999994,4257.436452
437,2016,B.C. ,263706.0,4757.7,137.2041774,1841.939348,4395.737013
438,2017,B.C. ,278558.7326,4817.2,140.7396762,1930.1400780000001,4485.108679
439,2018,B.C. ,291220.1626,4880.2,143.16299999999995,2006.1061780000002,4590.481622
440,1975,Y.T.,,21.9,32.15273865,160.45736719999996,566.0261092000002
441,1976,Y.T.,,22.5,36.49335837,192.5853398,611.8541101
442,1977,Y.T.,,22.8,38.98519561,197.1888957,612.9915053999998
443,1978,Y.T.,,23.7,41.15550547,200.4928183,698.5068026
444,1979,Y.T.,,24.0,43.07314551,228.9995832,768.9974990000003
445,1980,Y.T.,,24.3,47.92256215,251.8585526,821.2171053
446,1981,Y.T.,500.0,23.9,52.94714783,257.9801699,919.8113207999999
447,1982,Y.T.,493.0,24.5,59.60357143,276.322027,1241.642828
448,1983,Y.T.,470.0,23.6,65.23214286,282.660061,1328.453167
449,1984,Y.T.,478.0,23.9,68.83035714,287.6923720000001,1297.622533
450,1985,Y.T.,515.0,24.4,70.58928571,278.8933585,1351.178773
451,1986,Y.T.,661.0,24.5,73.95535714,229.5098531,1510.2918769999999
452,1987,Y.T.,919.0,25.7,76.94642857,219.52370040000002,1521.492775
453,1988,Y.T.,1005.0,26.6,79.54464286,196.02642,1524.9255150000001
454,1989,Y.T.,1068.0,27.1,82.91071429,194.61394319999997,1632.099463
455,1990,Y.T.,1107.0,27.8,87.04464286,180.8098101,1747.9507030000002
456,1991,Y.T.,1009.0,28.9,93.11607143,210.0369585,1954.706884
457,1992,Y.T.,1182.0,30.1,98.0,230.02815530000004,2011.9769239999998
458,1993,Y.T.,957.0,30.4,99.14285714,347.9006238,2290.106957
459,1994,Y.T.,992.0,29.7,100.49107140000001,334.47129680000006,2831.13854
460,1995,Y.T.,1132.0,30.4,98.98214286,346.0931145,2799.504526
461,1996,Y.T.,1222.0,31.4,99.82142857,580.9439927,2930.952069
462,1997,Y.T.,1185.0,31.8,100.0,543.3825864,2705.477386
463,1998,Y.T.,1130.0,31.1,100.7321429,524.5648624,2818.35086
464,1999,Y.T.,1144.0,30.8,101.7321429,548.3689159,3000.9955440000012
465,2000,Y.T.,1261.0,30.4,102.9821429,813.5505936000003,3234.922526000001
466,2001,Y.T.,1337.0,30.1,106.49107140000001,911.3307828,3826.0439840000004
467,2002,Y.T.,1317.0,30.1,107.13392859999999,1100.747874,4058.3200859999997
468,2003,Y.T.,1359.0,30.6,109.1428571,1056.958122,4055.7639
469,2004,Y.T.,1463.0,30.9,110.7142857,1151.0615300000004,4274.599209
470,2005,Y.T.,1572.0,31.1,112.4375,1165.200193,4788.880431000001
471,2006,Y.T.,1701.0,32.3,114.7321429,1209.069222,5388.771643
472,2007,Y.T.,1814.0,32.6,117.19642859999999,1574.269149,5388.441963
473,2008,Y.T.,2043.0,33.1,120.2857143,1515.074228,5654.901870000002
474,2009,Y.T.,2136.0,33.7,125.5892857,1662.002338,6506.709968
475,2010,Y.T.,2312.0,34.6,128.3303571,1734.7753899999998,6582.008027000003
476,2011,Y.T.,2494.0,35.4,130.4732143,1857.075894,6953.705448999999
477,2012,Y.T.,2554.0,36.1,132.6607143,2075.2227940000002,7067.447759999999
478,2013,Y.T.,2650.0,36.3,132.2142857,2073.268148,7292.501089
479,2014,Y.T.,2744.0,36.8,132.6607143,2156.721334,7467.91952
480,2015,Y.T.,2673.0,37.3,133.125,2099.051159,7986.626327
481,2016,Y.T.,2800.0,38.1,134.9910714,2263.060268,9777.306679000001
482,2017,Y.T.,2995.880222,38.5,139.4196429,2413.5076489999997,10606.18329
483,2018,Y.T.,3138.260072,38.8,143.5525694,2476.3313,9644.390626
484,1975,N.W.T.,,42.8,28.04909538,202.7025135,615.9653668
485,1976,N.W.T.,,44.3,30.80336562,209.75362119999997,671.19602
486,1977,N.W.T.,,44.7,32.770105,236.0797045,867.8775327
487,1978,N.W.T.,,45.3,35.32548259,258.6738525,989.3592348999999
488,1979,N.W.T.,,45.7,36.67017689,271.21487149999996,1018.113723
489,1980,N.W.T.,,46.3,38.95070573,284.91523589999997,1034.170176
490,1981,N.W.T.,1054.0,47.6,43.27553333,306.4977395,1245.883714
491,1982,N.W.T.,1322.0,49.5,51.12564057,311.0875492,1917.903666
492,1983,N.W.T.,1440.0,51.0,58.22583495,331.4851834,2088.580864
493,1984,N.W.T.,1512.0,52.6,65.39141191,344.9623316,2047.423141
494,1985,N.W.T.,1703.0,54.4,69.49991165,361.047388,2185.684522
495,1986,N.W.T.,1604.0,54.7,72.70719208,396.69260160000016,2655.449518
496,1987,N.W.T.,1791.0,55.0,75.41084997,433.5915131,2859.774169000001
497,1988,N.W.T.,2078.0,55.7,78.3088885,490.08997259999995,3302.397405
498,1989,N.W.T.,2187.0,57.0,81.33062379,514.3272475,3570.1824560000005
499,1990,N.W.T.,2244.0,58.9,84.45838487,481.6440547,3708.3528409999994
500,1991,N.W.T.,2213.0,60.9,88.77010072,529.4418207,4057.164585
501,1992,N.W.T.,2187.0,62.4,91.80067149999999,476.21782310000015,4004.3001520000003
502,1993,N.W.T.,2401.0,63.5,94.53967132,445.88735360000004,4071.5111490000004
503,1994,N.W.T.,2441.0,65.2,96.43046475,410.94757210000006,3983.425476
504,1995,N.W.T.,2444.0,66.6,97.86181304,370.9581687,4060.007444
505,1996,N.W.T.,2557.0,67.6,97.96783884,395.8225585,3713.5890630000004
506,1997,N.W.T.,2797.0,67.7,100.0,389.3591966,3876.748812
507,1998,N.W.T.,2736.0,67.2,101.37833540000001,387.2477613,4224.371247
508,1999,N.W.T.,2433.0,40.7,102.80968370000001,519.5652296,4967.446322
509,2000,N.W.T.,2663.0,40.5,104.0819933,484.8779494,4664.181594
510,2001,N.W.T.,3153.0,40.8,105.7695706,645.2387739,5232.793958
511,2002,N.W.T.,3204.0,41.5,106.0346351,692.1773637,5711.561139
512,2003,N.W.T.,3894.0,42.2,107.11256409999999,708.1253114,5529.056801
513,2004,N.W.T.,4516.0,42.8,109.14472520000001,708.290439,5929.69515
514,2005,N.W.T.,4446.0,42.7,109.86039939999999,1179.431708,6282.534268
515,2006,N.W.T.,4439.0,43.2,113.3680862,1401.237709,6626.317903
516,2007,N.W.T.,4667.0,43.4,114.4901926,1492.7826519999999,7287.0179
517,2008,N.W.T.,5024.0,43.4,118.1745892,1393.3089320000001,7951.530662
518,2009,N.W.T.,4010.0,43.1,122.65417920000002,1561.995198,8685.474645999999
519,2010,N.W.T.,4816.0,43.3,124.5538081,1531.582795,9163.029552
520,2011,N.W.T.,4733.0,43.5,123.54656299999999,1590.615446,10046.38887
521,2012,N.W.T.,4392.0,43.6,124.3240855,1820.1088350000002,10243.541490000001
522,2013,N.W.T.,4482.0,43.8,124.54497260000001,1729.904758,11552.56668
523,2014,N.W.T.,4781.0,43.9,122.4597986,1692.294273,12098.17455
524,2015,N.W.T.,4868.0,44.2,123.71443719999999,1859.2390690000002,12810.851770000001
525,2016,N.W.T.,4739.0,44.6,124.8100371,2063.166117,14129.69648
526,2017,N.W.T.,5070.527276,44.5,128.830182,2200.253195,14401.77231
527,2018,N.W.T.,5311.505172,44.4,131.3237068,2267.967272,14008.22696
528,1975,Nun.,,,,,
529,1976,Nun.,,,,,
530,1977,Nun.,,,,,
531,1978,Nun.,,,,,
532,1979,Nun.,,,,,
533,1980,Nun.,,,,,
534,1981,Nun.,,,,,
535,1982,Nun.,,,,,
536,1983,Nun.,,,,,
537,1984,Nun.,,,,,
538,1985,Nun.,,,,,
539,1986,Nun.,,,,,
540,1987,Nun.,,,,,
541,1988,Nun.,,,,,
542,1989,Nun.,,,,,
543,1990,Nun.,,,,,
544,1991,Nun.,,,,,
545,1992,Nun.,,,,,
546,1993,Nun.,,,,,
547,1994,Nun.,,,,,
548,1995,Nun.,,,,,
549,1996,Nun.,,,,,
550,1997,Nun.,,,,,
551,1998,Nun.,,,,,
552,1999,Nun.,813.0,26.8,102.80968370000001,338.4277674,4979.316031
553,2000,Nun.,892.0,27.5,104.0819933,338.3232638,5787.5752649999995
554,2001,Nun.,933.0,28.1,105.7695706,378.4220455,6175.932002000001
555,2002,Nun.,1019.0,28.7,106.0346351,388.4357471,7091.927452
556,2003,Nun.,1028.0,29.2,107.11256409999999,456.0720727,9579.098173
557,2004,Nun.,1118.0,29.6,109.14472520000001,469.23381550000005,9926.967161
558,2005,Nun.,1162.0,30.0,109.86039939999999,556.1241253,9594.328948
559,2006,Nun.,1241.0,30.8,113.3680862,585.2635812999998,10312.79876
560,2007,Nun.,1319.0,31.4,114.4901926,645.4126593,10623.5239
561,2008,Nun.,1566.0,31.9,118.1745892,651.8466501,10881.87392
562,2009,Nun.,1537.0,32.6,122.65417920000002,766.5178084,11276.27658
563,2010,Nun.,1915.0,33.4,124.5538081,782.9150381000003,11302.106259999999
564,2011,Nun.,2035.0,34.2,123.54656299999999,876.1764827,11873.85748
565,2012,Nun.,2198.0,34.7,124.3240855,970.3848542999999,12401.18501
566,2013,Nun.,2294.0,35.4,124.54497260000001,846.1498037,12984.76189
567,2014,Nun.,2383.0,36.1,122.4597986,894.9260382000001,13691.76766
568,2015,Nun.,2397.0,36.6,123.71443719999999,941.0844541000001,14121.20065
569,2016,Nun.,2443.0,37.2,124.8100371,1032.632052,14386.105309999999
570,2017,Nun.,2613.905494,38.0,128.830182,1068.81621,15195.31075
571,2018,Nun.,2738.1319129999997,38.8,131.3237068,1079.249977,14753.17146
