Year,Category,Hospitals ,Other institutions ,Physicians ,Other professionals: Dental services ,Other professionals: Vision care services ,Other professionals: Other services,Total other professionals,Prescribed drugs ,Non-prescribed drugs ,Total drugs,Capital ,Public health ,Administration ,Other health spending: Health research ,Other health spending: Other ,Total other health spending,Grand total 
1975,A.3.1.1: Expenditures by year,5454.856223,1124.970607,1839.9161399999998,741.6670705,226.12152949999998,128.41094809999998,1096.199548,771.6890125,305.6180265,1077.307039,536.0743917,406.8169476,343.56449100000003,93.73642667,225.99503399999998,319.73146069999996,12199.43685
1976,A.3.1.1: Expenditures by year,6357.299793,1368.608821,2071.028354,869.1158134,260.0771154,145.4869541,1274.679883,883.4069067,316.0366116,1199.443518,544.1012227000001,510.6146138,361.91692939999996,105.43179109999998,256.6578396,362.0896306,14049.782769999998
1977,A.3.1.1: Expenditures by year,6792.846841,1576.9561019999999,2284.416116,1034.643213,295.8289795,162.57118930000001,1493.043382,987.9243531,324.491845,1312.4161980000001,563.7371843,598.5057023,408.3163538,129.4474295,290.2931495,419.740579,15449.97846
1978,A.3.1.1: Expenditures by year,7382.006328,1851.848941,2566.6812,1191.254481,335.9586099,186.3212704,1713.534361,1052.689358,392.8086332,1445.497991,672.2108946000001,615.3965336,406.7332316,150.44029519999998,302.4500521,452.89034730000003,17106.79983
1979,A.3.1.1: Expenditures by year,8114.144354000001,2171.7083789999997,2857.0500230000002,1374.531349,365.7515994,219.20660730000003,1959.4895559999998,1162.8674839999999,495.5336536,1658.4011380000002,725.1533726,706.991187,451.8073902,173.6800243,351.25271360000005,524.9327379,19169.67814
1980,A.3.1.1: Expenditures by year,9334.372644,2539.644448,3287.51007,1591.972861,414.3593175,255.3743096,2261.706488,1298.3516650000001,586.2967638,1884.6484289999999,990.7406737,845.3669162,512.3121259999999,202.5339418,439.535908,642.0698497999999,22298.37164
1981,A.3.1.1: Expenditures by year,11030.717270000001,2889.853154,3824.842969,1811.8034480000001,513.6108575000001,303.689564,2629.10387,1677.0921640000001,654.9633544,2332.055519,1111.197157,1006.108863,631.4977432000001,231.1520645,590.1782677,821.3303322,26276.70688
1982,A.3.1.1: Expenditures by year,13092.75819,3384.79465,4420.801079,2072.736931,609.7733057,357.33423650000003,3039.844473,1924.086473,714.9887981,2639.075271,1394.834742,1149.698739,693.2552737000001,257.9895972,686.0804463,944.0700434,30759.13246
1983,A.3.1.1: Expenditures by year,14417.622130000002,3741.56487,5052.688977000001,2225.7248600000003,715.0225604,411.6475339,3352.394954,2107.1281879999997,845.8513434,2952.979532,1436.607582,1241.417462,763.6382187999999,297.2904087,782.3989328,1079.689341,34038.60307
1984,A.3.1.1: Expenditures by year,15344.829930000002,3915.5390060000004,5525.850134,2402.2884010000002,829.3509747,452.2068733,3683.846249,2255.557186,1058.636864,3314.19405,1504.1343140000001,1376.487482,897.6218882000002,336.9073764,843.7297791000001,1180.6371550000001,36743.140210000005
1985,A.3.1.1: Expenditures by year,16260.30681,4105.881752,6045.6699,2711.3276379999998,925.8702352,496.3677482,4133.565622,2566.45426,1235.85251,3802.306769,1651.2438960000002,1515.720037,966.0576923,381.7966942,979.8200488,1361.616743,39842.36922
1986,A.3.1.1: Expenditures by year,17637.16795,4087.349631,6674.806515,2959.628265,1002.2169050000001,561.9619947000001,4523.807164,3018.0464699999998,1399.026446,4417.072915,1801.4450989999998,1570.158811,1030.562914,453.6604748,1142.116007,1595.776482,43338.14748
1987,A.3.1.1: Expenditures by year,18951.08974,4329.15427,7342.848003,3203.601041,1075.5652289999998,634.3428179,4913.509086999999,3293.141551,1621.711932,4914.853483,1871.7987829999997,1660.980822,1060.070764,452.97723229999997,1291.925401,1744.902633,46789.20759
1988,A.3.1.1: Expenditures by year,20400.3035,4738.659872,7942.099419,3493.9994829999996,1184.176841,715.6089262999999,5393.785251,3736.788735,1784.9334,5521.722135,1901.718276,1786.571491,1225.51923,507.9708862,1541.720144,2049.69103,50960.070210000005
1989,A.3.1.1: Expenditures by year,22270.12236,5141.259403,8506.672707,3820.652354,1302.332078,833.7519125,5956.736345,4262.897729,1975.6299,6238.527629,2092.809957,1953.591609,1524.9716460000002,589.138417,1822.392223,2411.53064,56096.2223
1990,A.3.1.1: Expenditures by year,22768.4592,6681.836234,9178.784495,4128.485424,1413.217349,941.8776736,6483.580447,4871.616644,2058.6877,6930.304344,2123.668463,2231.401145,1689.26986,681.7416412,2323.8335460000003,3005.575187,61092.87937
1991,A.3.1.1: Expenditures by year,24204.62121,7636.604146,10105.36066,4449.741857999999,1502.560498,1062.5819609999999,7014.884318,5466.440787,2236.6254,7703.066187,2027.499616,2415.806442,1789.9715609999998,716.6037381,2823.012082,3539.6158200000004,66437.42996000001
1992,A.3.1.1: Expenditures by year,25190.162330000003,8143.69875,10343.4328,4667.619683,1557.627818,1149.498451,7374.745951999999,6097.136634,2418.10769,8515.244324,2057.9778100000003,2578.788849,1863.364184,822.555871,2963.664879,3786.22075,69853.63575
1993,A.3.1.1: Expenditures by year,25289.04025,8203.25897,10403.54399,4908.165886,1605.693554,1193.2844710000002,7707.1439120000005,6600.281803,2576.023964,9176.305767,2016.9456920000002,2691.543307,2132.349964,805.9346883999999,3093.018475,3898.953163,71519.08501
1994,A.3.1.1: Expenditures by year,24757.395780000003,8358.370262999999,10635.46517,5199.874993,1700.162896,1226.6488669999999,8126.686756,6759.966512000001,2764.024294,9523.990805,2272.8134010000003,2970.962233,2389.827011,811.5194153,3312.596533,4124.115948,73159.62737
1995,A.3.1.1: Expenditures by year,24231.469380000002,8610.665421,10615.59086,5468.3788380000005,1778.399012,1266.569306,8513.347155,7399.939673999999,2788.38298,10188.32265,2263.124923,3136.726766,2447.262972,798.0943917999999,3432.78661,4230.881002,74237.39112999999
1996,A.3.1.1: Expenditures by year,24245.38239,8696.612321999999,10771.25554,5648.085476,1831.7591940000002,1310.193653,8790.038323,7604.577455,2846.731211,10451.30867,2159.9759,3277.747413,2463.612479,799.4120242,3426.947898,4226.359922,75082.29295
1997,A.3.1.1: Expenditures by year,24635.29511,8966.3187,11224.841629999999,5879.976886,2189.805948,1516.7131279999999,9586.495962,8531.961855,2976.775659,11508.737509999999,2121.982989,3420.914814,2508.4674609999997,1075.005386,3693.476468,4768.481854,78741.53603999999
1998,A.3.1.1: Expenditures by year,25866.08354,9382.808954,11771.14625,6261.431617,2278.1366559999997,1508.990942,10048.55921,9451.067518,3171.346827,12622.414340000001,2301.486922,4295.32824,2454.307314,1291.366194,4033.7658149999997,5325.132008,84067.26677999999
1999,A.3.1.1: Expenditures by year,27228.907769999998,9974.678466,12408.3503,6758.901681,2349.245231,1707.5404190000002,10815.687329999999,10240.34807,3358.818648,13599.16672,3508.917742,4419.15416,2784.186466,1324.324803,4405.122418999999,5729.447223,90468.49617
2000,A.3.1.1: Expenditures by year,29615.40278,10821.11327,13220.86817,7181.224259999999,2576.573753,1794.078991,11551.877,11724.55683,3420.260258,15144.81709,3965.5224299999995,4896.323176,3109.954461,1579.9611519999999,4703.857687,6283.8188390000005,98609.69722
2001,A.3.1.1: Expenditures by year,31532.18585,11504.28549,14150.000580000002,7767.867178,2761.059899,2008.9979039999998,12537.92498,13173.58586,3536.415639,16710.0015,4508.707252,5601.753599,3727.1328780000003,2072.7399609999998,4856.421950999999,6929.161911,107201.15400000001
2002,A.3.1.1: Expenditures by year,33962.91344,12251.418440000001,15199.233219999998,8251.537239,2799.790058,2026.516439,13077.84374,14760.34734,3684.708516,18445.05586,4933.037485,5814.626884,4160.358534,2057.582613,5154.390055,7211.972669,115056.4603
2003,A.3.1.1: Expenditures by year,36230.66248,12929.976509999999,16281.05219,8480.620743000001,2681.606796,2061.1639760000003,13223.39151,16423.52559,3762.205513,20185.7311,5604.981985,6871.508229,4627.717697,2320.029622,5316.315386,7636.345008,123591.3667
2004,A.3.1.1: Expenditures by year,38898.79837,14205.220280000001,17316.41821,8979.847854000001,3062.4468100000004,2160.625823,14202.92049,17865.921980000003,3930.190267,21796.11225,5511.072586,6977.757223,4881.297490999999,2476.644124,5288.988638000001,7765.632762,131555.2297
2005,A.3.1.1: Expenditures by year,41218.00448,14651.629780000001,18556.571969999997,9671.083784999999,3182.492516,2183.0172469999998,15036.59355,19121.71773,4083.720152,23205.43788,6596.713323,7814.851969,5106.462046,2552.209006,5730.377677,8282.586683,140468.8517
2006,A.3.1.1: Expenditures by year,44070.61029,15722.948369999998,20047.15496,10222.029209999999,3443.7815090000004,2517.141532,16182.95225,20810.68258,4263.685769,25074.36835,7240.686712999999,8467.358553,5125.807247,2893.5909100000003,6190.621075,9084.211985,151016.0987
2007,A.3.1.1: Expenditures by year,46931.0529,16685.73213,21552.95686,10974.31051,3769.2352170000004,2533.2883,17276.83402,21975.83081,4437.423231,26413.25404,7255.437237,9055.115401,5530.401037,3121.001505,6716.039102,9837.040606999999,160537.8242
2008,A.3.1.1: Expenditures by year,50039.22468,17573.92872,23779.868,11792.6628,3921.481427,2864.038904,18578.18313,23375.13675,4516.307543,27891.4443,8167.315478,9488.835183,5652.966697,3606.251522,7392.962815000001,10999.21434,172170.9805
2009,A.3.1.1: Expenditures by year,53333.23135,18881.46886,25673.92255,12113.539509999999,4225.187982,2866.758645,19205.48613,24783.60008,4757.555171,29541.15525,8758.732754,9818.186352,5620.57529,3596.286232,7720.138054999999,11316.42429,182149.1828
2010,A.3.1.1: Expenditures by year,56960.86335,20003.2451,27431.79477,11922.50947,3902.800135,2846.851018,18672.16062,27584.78172,4842.332953,32427.11467,10100.67607,9868.233967,5794.199364,3408.974224,8599.522515999999,12008.49674,193266.7847
2011,A.3.1.1: Expenditures by year,59358.04659,20451.90728,29205.91475,11895.358559999999,4004.135726,3073.9589170000004,18973.45321,28068.37717,5070.481042,33138.858210000006,9824.896586,10386.21327,6058.832088,3312.17622,8837.805621,12149.98184,199548.1038
2012,A.3.1.1: Expenditures by year,61132.25605,21068.969419999998,30304.5669,12473.36599,3928.711986,3629.59137,20031.66934,28293.151910000004,5183.63824,33476.79015,10285.31028,10885.22253,6067.2340890000005,3519.7571399999997,9054.037908,12573.79505,205825.8138
2013,A.3.1.1: Expenditures by year,62582.28271,21980.40634,31654.54393,12789.56575,4005.313238,3652.2299479999997,20447.108940000002,28642.197,5253.317371,33895.51437,8828.071519,11384.60543,6240.749982,3527.98151,9141.169429000001,12669.150940000001,209682.4342
2014,A.3.1.1: Expenditures by year,63811.44824,22892.16844,32957.43405,13138.6518,4116.983853,4116.676378,21372.31203,29439.46558,5295.096814,34734.5624,8652.030784,12093.4345,6198.091414,3710.5141759999997,9791.416522,13501.9307,216213.4126
2015,A.3.1.1: Expenditures by year,65270.3592,24626.70099,34403.78978,13977.78044,4512.756585,4708.505532,23199.042559999998,30782.2736,5492.269017,36274.54262,9205.142772,12509.40384,5697.109824,3702.796493,10804.084509999999,14506.881000000001,225692.9726
2016,A.3.1.1: Expenditures by year,66389.05615,25574.75437,35954.59678,15209.347619999999,4697.496485000001,5116.965348,25023.80945,31396.79663,5667.167237,37063.96386,8369.338435,13025.71582,6473.144671,3874.7815619999997,12290.79693,16165.57849,234039.958
2017,A.3.1.1: Expenditures by year,68869.72323999999,26959.485460000004,37073.85005,16099.11583,4935.02825,5481.788565,26515.93265,32334.3717,5897.243697,38231.61539,8497.640195,13593.73103,6710.309539,3975.6836329999996,12949.81337,16925.497,243377.7845
2018,A.3.1.1: Expenditures by year,71636.02812,28466.075160000004,38239.15244,17087.19968,5178.392575,5813.692281000001,28079.284539999997,33686.47526,6134.303456,39820.77872,8343.74767,14197.73552,6897.7010230000005,4136.567461,13661.49968,17798.06714,253478.5703
1975,A.3.1.2: Percentage by year,44.71400025,9.221496215,15.08197602,6.079518912999999,1.8535407190000002,1.052597343,8.985656975,6.325611764,2.50518143,8.830793194,4.39425523,3.334719075,2.816232383,0.768366834,1.8525038230000002,2.6208706569999998,100.0
1976,A.3.1.2: Percentage by year,45.24838497,9.741138663,14.74064325,6.18597332,1.8511112930000002,1.035510346,9.072594959,6.287690859,2.24940568,8.537096539,3.8726664439999996,3.634323906,2.575961034,0.750415809,1.826774434,2.577190243,100.0
1977,A.3.1.2: Percentage by year,43.96670752,10.20684984,14.78588544,6.696729165,1.914753346,1.052242174,9.663724685,6.394341297,2.100273769,8.494615067,3.648789452,3.873828717,2.642827981,0.8378486079999999,1.878922681,2.71677129,100.0
1978,A.3.1.2: Percentage by year,43.15246804,10.82522132,15.00386528,6.963631379,1.9638892909999999,1.089164965,10.01668564,6.15363112,2.296213419,8.449844538999999,3.9294952960000002,3.597379637,2.377611451,0.879418107,1.7680107040000002,2.647428811,100.0
1979,A.3.1.2: Percentage by year,42.32801561,11.32887242,14.90400622,7.170341302000001,1.907969434,1.143506979,10.22181771,6.066181578999999,2.584986822,8.651168401,3.782814544,3.688070201,2.356885635,0.906014295,1.8323349569999998,2.738349252,100.0
1980,A.3.1.2: Percentage by year,41.86123001,11.38937178,14.74327418,7.139413077,1.858249222,1.145259903,10.1429222,5.822629947,2.629325464,8.451955411,4.443107728,3.791159864,2.297531561,0.908290278,1.971156975,2.879447253,100.0
1981,A.3.1.2: Percentage by year,41.97907037,10.99777521,14.55602099,6.895093273,1.954624146,1.155736772,10.00545419,6.382429016000001,2.492562547,8.874991564,4.228829594,3.828900128,2.403260599,0.8796842979999999,2.246013058,3.1256973560000003,100.0
1982,A.3.1.2: Percentage by year,42.56543387,11.00419414,14.37232043,6.738606604,1.9824138619999998,1.161717539,9.882738005,6.255334007,2.324476476,8.579810483,4.534701179,3.737747613,2.253819332,0.838741462,2.230493487,3.0692349489999997,100.0
1983,A.3.1.2: Percentage by year,42.35667987,10.99212228,14.84399629,6.538825506,2.1006225169999997,1.209354958,9.848802981,6.190407356000001,2.484976665,8.675384021000001,4.220524499,3.647086984,2.243447586,0.873391919,2.298563578,3.171955498,100.0
1984,A.3.1.2: Percentage by year,41.76243468,10.65651706,15.03913412,6.538059586,2.25715867,1.230724622,10.02594288,6.138716433,2.881182333,9.019898766,4.09364661,3.746243446,2.442964545,0.91692592,2.296291973,3.213217893,100.0
1985,A.3.1.2: Percentage by year,40.81159611,10.30531525,15.17397188,6.805136571,2.32383328,1.245828895,10.37479875,6.441520196,3.10185497,9.543375166,4.144442032,3.80429193,2.424699413,0.9582680490000001,2.4592414259999997,3.417509475,100.0
1986,A.3.1.2: Percentage by year,40.69663558,9.431297525,15.40168859,6.829152691,2.312551328,1.296691316,10.43839533,6.963948958,3.228163932,10.19211289,4.156719204,3.623040907,2.377957929,1.046792494,2.635359546,3.68215204,100.0
1987,A.3.1.2: Percentage by year,40.50312181,9.252463321,15.69346519,6.846880307999999,2.298746408,1.3557460159999999,10.50137273,7.038250316,3.465995719,10.50424604,4.000492591,3.549922957,2.265630942,0.968123325,2.7611611039999997,3.729284429,100.0
1988,A.3.1.2: Percentage by year,40.0319376,9.298770297,15.58494599,6.856347467999999,2.323734714,1.4042542,10.58433638,7.33277784,3.502611736,10.83538958,3.731781114,3.505826197,2.404861738,0.9968017790000001,3.0253493330000003,4.022151111,100.0
1989,A.3.1.2: Percentage by year,39.69986115,9.165072428,15.16443061,6.810890641,2.3216038880000003,1.4862888769999998,10.61878341,7.599259904,3.521859083,11.12111899,3.7307502560000003,3.482572497,2.718492589,1.0502283270000001,3.2486897480000003,4.298918075,100.0
1990,A.3.1.2: Percentage by year,37.26859731,10.93717681,15.02431149,6.757719503,2.313227603,1.541714326,10.61266143,7.974115304,3.369767019,11.34388232,3.4761309089999997,3.652473361,2.7650847,1.115910149,3.80377152,4.919681669,100.0
1991,A.3.1.2: Percentage by year,36.4322058,11.4944304,15.21034252,6.697642972000001,2.261617434,1.599372465,10.55863287,8.227953416,3.366514029,11.59446744,3.051742997,3.636212965,2.694221558,1.078614478,4.249128968,5.327743446,100.0
1992,A.3.1.2: Percentage by year,36.06134751,11.65823176,14.8072934,6.681999631,2.22984502,1.645581421,10.55742607,8.728445655,3.461677641,12.190123300000002,2.9461284119999998,3.691703118,2.667526413,1.177541959,4.242678061,5.42022002,100.0
1993,A.3.1.2: Percentage by year,35.3598487,11.47002785,14.54652837,6.862735848,2.245125975,1.6684839740000001,10.776345800000001,9.228700006,3.601869297,12.8305693,2.820150303,3.763391696,2.981511807,1.126880592,4.32474559,5.451626181,100.0
1994,A.3.1.2: Percentage by year,33.84024314,11.42483985,14.53734191,7.107574464,2.3239086330000003,1.676674569,11.10815767,9.240023158,3.778073225,13.01809638,3.106649778,4.060931335,3.26659265,1.109244872,4.5279024130000005,5.637147285,100.0
1995,A.3.1.2: Percentage by year,32.64051849,11.59882546,14.29952036,7.366070862999999,2.395556989,1.706106972,11.46773482,9.967941439,3.75603579,13.72397723,3.0484973789999996,4.225265352,3.296536872,1.075057164,4.624066872,5.699124036000001,100.0
1996,A.3.1.2: Percentage by year,32.29174474,11.58277402,14.34593313,7.522526622999999,2.4396686919999997,1.7450101759999999,11.70720549,10.12832341,3.791481452,13.91980486,2.8768113160000004,4.365539841,3.2812163589999996,1.064714452,4.564255782,5.628970235,100.0
1997,A.3.1.2: Percentage by year,31.28627704,11.38702539,14.255299300000003,7.467439907,2.781004865,1.9261919490000001,12.17463672,10.83540185,3.7804389,14.61584075,2.694871215,4.344485751,3.185697901,1.3652329369999998,4.690632992,6.05586593,100.0
1998,A.3.1.2: Percentage by year,30.76831748,11.16107293,14.00205656,7.44812084,2.709897375,1.794980377,11.95299859,11.2422681,3.772391977,15.01466008,2.7376730680000003,5.109394422,2.919456535,1.536110597,4.7982597380000005,6.334370335,100.0
1999,A.3.1.2: Percentage by year,30.09766816,11.02558226,13.71565885,7.471000367,2.596755037,1.8874420280000002,11.95519743,11.31924206,3.712694241,15.031936300000002,3.87860735,4.884743692,3.077520445,1.4638519030000001,4.869233607,6.33308551,100.0
2000,A.3.1.2: Percentage by year,30.03295174,10.97368066,13.40726982,7.28247268,2.6129009880000003,1.819373795,11.71474746,11.88986191,3.468482669,15.35834458,4.021432519,4.965356668,3.153801857,1.602237099,4.770177599,6.372414697999999,100.0
2001,A.3.1.2: Percentage by year,29.41403582,10.73149407,13.19948531,7.24606675,2.57558785,1.874045034,11.69569963,12.28866049,3.298859673,15.58752016,4.205838354,5.225460163,3.47676563,1.9335052680000002,4.530195588,6.463700856,100.0
2002,A.3.1.2: Percentage by year,29.51847585,10.64817952,13.21023886,7.17172875,2.433405349,1.7613234709999999,11.36645757,12.82878624,3.202522056,16.03130829,4.287492831000001,5.053716124,3.615927801,1.788324279,4.4798788730000005,6.268203152000001,100.0
2003,A.3.1.2: Percentage by year,29.31488132,10.46187679,13.17329246,6.861822932000001,2.169736339,1.6677248830000002,10.69928415,13.28857025,3.044068217,16.33263847,4.535091839,5.559861026,3.7443697080000002,1.877177738,4.301526496,6.178704234,100.0
2004,A.3.1.2: Percentage by year,29.56841661,10.79791378,13.16285051,6.825914772000001,2.3278791869999997,1.642371671,10.79616563,13.58054866,2.98748311,16.56803177,4.189170282,5.304051569,3.71045492,1.88258888,4.0203560519999995,5.9029449320000005,100.0
2005,A.3.1.2: Percentage by year,29.34316326,10.43051865,13.21045324,6.884860002000001,2.265621508,1.554093467,10.70457498,13.61278141,2.907206902,16.51998831,4.696210757,5.563405606,3.6352984910000004,1.81692167,4.079465026,5.896386696,100.0
2006,A.3.1.2: Percentage by year,29.18272334,10.41143859,13.27484628,6.768834116,2.280406883,1.666803442,10.71604444,13.780439800000002,2.823331953,16.60377176,4.794645587,5.606924443,3.394212465,1.91608109,4.0993120119999995,6.015393102000001,100.0
2007,A.3.1.2: Percentage by year,29.23364205,10.39364537,13.42546965,6.835965642000001,2.347879844,1.578000893,10.76184638,13.68888043,2.764098275,16.45297871,4.519456565,5.640487184,3.4449208860000002,1.94409107,4.183462143,6.127553213,100.0
2008,A.3.1.2: Percentage by year,29.06368107,10.20725367,13.81177474,6.849390508,2.277666895,1.663485272,10.79054268,13.57669956,2.623152595,16.19985216,4.743723625,5.511286022,3.283344661,2.094575701,4.29396568,6.3885413820000005,100.0
2009,A.3.1.2: Percentage by year,29.27997289,10.36593663,14.09499738,6.650339749,2.31963049,1.5738520480000002,10.54382229,13.60620986,2.611900365,16.21811023,4.808549025,5.390189624,3.085698878,1.9743630890000001,4.238359973000001,6.212723061,100.0
2010,A.3.1.2: Percentage by year,29.47266053,10.35006876,14.1937451,6.168938697000001,2.019384832,1.473016185,9.661339714,14.27290352,2.505517418,16.77842094,5.226286599,5.106016528,2.998031645,1.763869684,4.449560503,6.213430187,100.0
2011,A.3.1.2: Percentage by year,29.74623434,10.24911131,14.6360272,5.961148382999999,2.006601741,1.5404600990000001,9.508210222,14.06597038,2.540981821,16.6069522,4.923573012,5.204866934,3.036276452,1.6598384830000001,4.428909847,6.08874833,100.0
2012,A.3.1.2: Percentage by year,29.70096652,10.23631052,14.72340439,6.0601562829999995,1.908755716,1.76342865,9.732340649,13.74616302,2.518458761,16.26462178,4.997094432,5.288560422,2.947751779,1.7100659409999999,4.398883571,6.108949512000001,100.0
2013,A.3.1.2: Percentage by year,29.84622101,10.48271231,15.09642143,6.09949317,1.9101806280000002,1.741791087,9.751464883999999,13.65979802,2.505368365,16.16516639,4.2102103369999995,5.429451194,2.9762865,1.682535556,4.359530385,6.042065941000001,100.0
2014,A.3.1.2: Percentage by year,29.51317751,10.58776519,15.2430109,6.076705254,1.904129723,1.903987514,9.88482249,13.61592939,2.449014033,16.06494342,4.001616126,5.593285984,2.866654451,1.716135059,4.528588863,6.244723923,100.0
2015,A.3.1.2: Percentage by year,28.91997852,10.91159406,15.24362473,6.193272337000001,1.999511342,2.086243749,10.27902743,13.63900402,2.433513527,16.07251755,4.078612934,5.54266431,2.524274353,1.640634376,4.787071739,6.427706115,100.0
2016,A.3.1.2: Percentage by year,28.36654762,10.92751622,15.36258897,6.498611497000001,2.00713439,2.186363983,10.69210987,13.41514367,2.421452851,15.83659653,3.5760297110000003,5.565594835,2.7658288460000002,1.655606844,5.251580556,6.907187400000001,100.0
2017,A.3.1.2: Percentage by year,28.29745672,11.07721706,15.23304607,6.614866622,2.027723384,2.252378365,10.89496837,13.28567098,2.423082168,15.70875315,3.49154308,5.585444478,2.7571577869999997,1.633544179,5.3208691130000005,6.954413292000001,100.0
2018,A.3.1.2: Percentage by year,28.26117728,11.23017032,15.08575356,6.741082554,2.0429311119999998,2.2935636230000003,11.07757729,13.28967384,2.420048152,15.709722,3.291697463,5.601158117,2.721216635,1.63191999,5.389607357999999,7.021527347999999,100.0
1975,A.3.1.3: Expenditures by year,235.7002536,48.60913772,79.50139894,32.04687886,9.770542003,5.548540932000001,47.36596179,33.3441045,13.20552612,46.54963062,23.16337313,17.57825574,14.84516445,4.05028082,9.765076228,13.81535705,527.1285330000001
1976,A.3.1.3: Expenditures by year,271.1026206,58.36336968,88.31756131,37.06283836,11.090807400000001,6.204189799,54.35783555,37.67227208,13.47716112,51.149433200000004,23.20281757,21.77480447,15.43369531,4.496065276,10.94499476,15.44106003,599.1431977000001
1977,A.3.1.3: Expenditures by year,286.3048748,66.46553794,96.28355905,43.608137,12.46859835,6.852049675,62.92878503,41.63903071,13.67668066,55.31571137,23.76039203,25.22581535,17.20971564,5.455949613,12.23527422,17.69122383,651.185615
1978,A.3.1.3: Expenditures by year,308.0537641,77.2783186,107.1085244,49.71147551,14.01967294,7.775253247,71.50640169,43.92910337,16.39204474,60.32114811,28.05160103,25.68071743,16.97312321,6.277927319,12.62134884,18.89927616,713.8728746
1979,A.3.1.3: Expenditures by year,335.27026989999996,89.73333759,118.05113270000001,56.79458933,15.11257776,9.057450201,80.96461729,48.04879951,20.47507347,68.52387298,29.96278552,29.21233783,18.66833754,7.176326435,14.51349483,21.68982126,792.0765127000001
1980,A.3.1.3: Expenditures by year,380.7450486,103.5910056,134.0961229,64.93588883,16.90153849,10.41660834,92.25403566,52.95920644,23.91479303,76.87399946,40.41188629999999,34.4821532,20.89699145,8.261272444,17.92848079,26.18975324,909.5409963999999
1981,A.3.1.3: Expenditures by year,444.4215397,116.43059620000001,154.10082219999998,72.9965657,20.69309932,12.23548572,105.9251507,67.56912207,26.38811377,93.95723584,44.76952307,40.53557344,25.44269719,9.312989706,23.77795822,33.09094793,1058.674086
1982,A.3.1.3: Expenditures by year,521.2616072,134.7587326,176.0052269,82.52181616,24.27688718,14.22653774,121.02524109999999,76.60359972,28.46582857,105.0694283,55.5325157,45.77292303,27.60055238,10.27133245,27.31490119,37.58623364,1224.612461
1983,A.3.1.3: Expenditures by year,568.3620354,147.4975142,199.18378810000002,87.74106435,28.18715001,16.22769886,132.1559132,83.06582424,33.34459641,116.4104206,56.63300105,48.93834428,30.10364458,11.71958734,30.84321713,42.56280447,1341.847466
1984,A.3.1.3: Expenditures by year,599.2283294,152.9050441,215.7890286,93.81135351,32.38684309,17.65905328,143.8572499,88.08137795,41.34064714,129.42202509999998,58.73769186,53.75297725,35.05287885,13.15651234,32.94834732,46.10485966,1434.850085
1985,A.3.1.3: Expenditures by year,629.2022178,158.8795301,233.9407832,104.91643140000001,35.827098,19.20724447,159.9507739,99.31047005,47.82204599,147.13251599999998,63.89586212,58.65168599,37.38217549,14.77384957,37.91471804,52.68856761,1541.7241119999999
1986,A.3.1.3: Expenditures by year,675.7236584999999,156.5965043,255.72839649999997,113.3907011,38.39741595,21.53015814,173.3182752,115.62884740000001,53.60017385,169.22902130000003,69.01783077,60.15667932,39.48342187,17.38085823,43.75729759,61.13815582,1660.391943
1987,A.3.1.3: Expenditures by year,716.5183423999999,163.6802149,277.624419,121.12437539999999,40.66585221,23.98375347,185.773981,124.50979640000001,61.31501466,185.8248111,70.77050342,62.79972505,40.08002481,17.12653468,48.84617503,65.97270971,1769.044731
1988,A.3.1.3: Expenditures by year,761.3365147000001,176.8461332,296.3980555,130.3955791,44.19331649,26.70642649,201.2953221,139.4564405,66.61346845,206.069909,70.97186391,66.67460178,45.73620874,18.95740345,57.53678325,76.49418671,1901.8227960000002
1989,A.3.1.3: Expenditures by year,816.2997472,188.45018819999999,311.8076618,140.044024,47.73630466,30.56074252,218.3410712,156.2542981,72.41568599,228.6699841,76.71086002,71.60788392,55.89704218,21.59456213,66.79883867,88.39340079,2056.177839
1990,A.3.1.3: Expenditures by year,822.0393371,241.24303619999998,331.3936115,149.0560864,51.02322659,34.00583639,234.0851494,175.8863207,74.32748335,250.213804,76.67356848,80.56318179,60.98990994,24.613806399999998,83.90038918,108.5141956,2205.715794
1991,A.3.1.3: Expenditures by year,863.4824545,272.4303609,360.50147400000003,158.7413407,53.60276519,37.90684729,250.25095319999997,195.01134380000002,79.79000263,274.80134639999994,72.32959068,86.18215744,63.85594813,25.564323,100.70892579999999,126.27324879999999,2370.1075339999998
1992,A.3.1.3: Expenditures by year,888.0151802000001,287.0854113,364.63144689999996,164.5450743,54.91021175,40.52264773,259.9779338,214.9390629,85.24424366,300.18330660000004,72.54877961,90.90864973,65.68817062,28.99711762,104.47647640000001,133.473594,2462.512473
1993,A.3.1.3: Expenditures by year,881.7097161,286.00900099999996,362.7225757,171.12462580000002,55.98297104,41.60420886,268.7118057,230.1207376,89.81382194,319.93455950000003,70.32139599,93.84143728,74.34499935,28.09914644,107.8389854,135.9381318,2493.533622
1994,A.3.1.3: Expenditures by year,853.7278844000001,288.2279632,366.7507382,179.31119719999998,58.62799485,42.29945471,280.23864669999995,233.1090054,95.31392692,328.4229324,78.37513257,102.4499234,82.4102008,27.98423387,114.2307557,142.2149896,2522.8184109999997
1995,A.3.1.3: Expenditures by year,826.9489909,293.85676,362.27898589999995,186.61973369999998,60.69154311,43.22429619,290.535573,252.53824069999996,95.15933417,347.6975749,77.233817,107.047286,83.51790861,27.23662117,117.15094029999999,144.3875615,2533.504458
1996,A.3.1.3: Expenditures by year,818.7989348,293.6962095,363.7596811,190.7433877,61.86095369,44.24698898,296.85133030000003,256.816734,96.13791385,352.9546479,72.94527008,110.6939065,83.19948275,26.99721141,115.7326061,142.7298175,2535.62928
1997,A.3.1.3: Expenditures by year,823.7193804,299.8028013,375.3200257,196.6061659,73.21956529,50.71366071,320.5393919,285.2794051,99.53312068,384.8125257,70.95179923,114.3836036,83.87450822,35.94447584,123.49712609999999,159.441602,2632.845638
1998,A.3.1.3: Expenditures by year,857.7117488,311.13119480000006,390.32775939999993,207.6272372,75.54234378,50.03769735,333.20727830000004,313.3946288,105.1609313,418.55556,76.31663175,142.4318255,81.38411116,42.82132448,133.75849209999998,176.5798166,2787.645926
1999,A.3.1.3: Expenditures by year,895.5735109,328.0725724,408.11735600000003,222.3039338,77.26794691,56.16192839,355.7338091,336.81058939999997,110.4733629,447.2839523,115.4102033,145.3483717,91.57339948,43.55775942,144.8868601,188.4446196,2975.5577949999997
2000,A.3.1.3: Expenditures by year,965.0157712000001,352.60519819999996,430.8010393,233.9996764,83.95747057,58.45993498,376.417082,382.0438417,111.4489347,493.49277639999997,129.2162634,159.5463388,101.3376426,51.48292059,153.2748647,204.75778530000002,3213.1898969999997
2001,A.3.1.3: Expenditures by year,1016.470479,370.8517587,456.1389409,250.40470409999998,89.00543368,64.76198860000001,404.1721264,424.66326910000004,113.9997752,538.6630442000001,145.3425348,180.5779399,120.14772959999999,66.81677541,156.5514541,223.36822949999998,3455.732783
2002,A.3.1.3: Expenditures by year,1082.566555,390.51348989999997,484.4749725,263.01743109999995,89.24320007,64.59513329,416.8557644,470.4855018999999,117.4499418,587.9354436000001,157.2403795,185.3410075,132.6112677,65.5853664,164.2959841,229.8813505,3667.420231
2003,A.3.1.3: Expenditures by year,1143.786286,408.1937454,513.9857498,267.7295153,84.65716243,65.07005194,417.4567297,518.4835732,118.7711948,637.254768,176.94684809999998,216.9305318,146.0950388,73.24232803,167.8337689,241.0760969,3901.7257950000003
2004,A.3.1.3: Expenditures by year,1215.769853,443.9797444,541.219269,280.6623536,95.71582318,67.52968853,443.90786529999997,558.3938383999999,122.8368752,681.2307136,172.24686069999998,218.0876332,152.56343590000003,77.40674231,165.3056959,242.7124383,4111.717813
2005,A.3.1.3: Expenditures by year,1275.6222539999999,453.441287,574.2921438999999,299.3024492,98.49235368,67.56041238,465.3552153,591.782377,126.3837095,718.1660864,204.1562764,241.8554514,158.0357105,78.98622568,177.3447642,256.3309899,4347.255414
2006,A.3.1.3: Expenditures by year,1353.08342,482.73578729999997,615.5002804999999,313.8431293,105.7331321,77.28285245,496.85911389999995,638.9425825000001,130.9063451,769.8489277000001,222.3080887,259.9701341,157.37573759999998,88.84083652,190.06831719999997,278.9091537,4636.590643
2007,A.3.1.3: Expenditures by year,1426.999381,507.3512728,655.3455379,333.6881091,114.6084733,77.02790825,525.3244906,668.2035672000001,134.9255943,803.1291615,220.61095600000002,275.3324989,168.1589986,94.89808859,204.2098579,299.10794649999997,4881.3602439999995
2008,A.3.1.3: Expenditures by year,1505.130432,528.6064102,715.2749312000001,354.711644,117.95428629999999,86.14746012,558.8133904,703.1010154,135.8460681,838.9470835000001,245.664779,285.4147859,170.0356523,108.47248229999998,222.37301609999997,330.8454984,5178.732963
2009,A.3.1.3: Expenditures by year,1585.949975,561.4710436,763.4556504999999,360.2157079,125.6428048,85.2477093,571.106222,736.9804704,141.473605,878.4540755,260.45509790000006,291.9596659,167.1369054,106.94139309999998,229.57080319999997,336.51219629999997,5416.500832
2010,A.3.1.3: Expenditures by year,1675.059679,588.239492,806.6923612,350.6076577,114.77043640000001,83.71792615,549.0960202,811.1912792,142.3994688,953.5907480000001,297.03263280000004,290.1971608,170.3911977,100.2483975,252.8879054,353.1363029,5683.435595
2011,A.3.1.3: Expenditures by year,1728.399582,595.5227643999999,850.4237208999999,346.3714517,116.59323229999998,89.50815622,552.4728402000001,817.3006719,147.6432905,964.9439624,286.08332189999993,302.4278545,176.4222957,96.44461571,257.34100789999997,353.7856237,5810.481965
2012,A.3.1.3: Expenditures by year,1759.174023,606.2917696000001,872.0601905999999,358.9401544,113.0546869,104.4470344,576.4418757999999,814.1786527,149.1671063,963.3457591,295.9755101,313.2389011,174.5939262,101.28638670000001,260.5437672,361.830154,5922.952109000001
2013,A.3.1.3: Expenditures by year,1780.314747,625.2894569,900.4952989,363.8322466,113.94148500000001,103.8971184,581.6708499,814.8013063999999,149.4441874,964.2454938,251.1373065,323.8645197,177.53425959999998,100.3625505,260.0441856,360.4067361,5964.958669
2014,A.3.1.3: Expenditures by year,1795.7175550000002,644.2083652000001,927.4549401,369.734716,115.8560162,115.8473635,601.4380957000001,828.4558121,149.0092855,977.4650975,243.47674280000004,340.3212626,174.4204507,104.4175556,275.5401895,379.9577451,6084.460255
2015,A.3.1.3: Expenditures by year,1821.5400969999998,687.2725055999999,960.1277415,390.0865239,125.94027620000001,131.4031626,647.4299627,859.0598600999999,153.2761327,1012.3359929999999,256.8935863,349.1076342,158.9927512,103.3362213,301.5162377,404.852459,6298.552729999999
2016,A.3.1.3: Expenditures by year,1830.6847129999999,705.2263515999999,991.4515206,419.3992473,129.5339247,141.1008196,690.0339916,865.7697358999999,156.2726905,1022.042426,230.7853254,359.1853868,178.49759699999998,106.8474803,338.9199267,445.76740700000005,6453.674719
2017,A.3.1.3: Expenditures by year,1876.146004,734.42913,1009.96421,438.57141310000003,134.43982490000002,149.3346456,722.3458836,880.8515469,160.6524562,1041.504003,231.49234449999997,370.3198292,182.8019605,108.30540049999999,352.7782523,461.0836528,6630.087018
2018,A.3.1.3: Expenditures by year,1932.7831170000002,768.031826,1031.715328,461.0229228999999,139.7161457,156.8569138,757.5959824,908.88136,165.5071961,1074.388556,225.11932969999998,383.0634421,186.10412150000002,111.60707759999998,368.5954767,480.20255430000003,6839.004257
1975,A.3.2.1: Expenditures by year,318.0818,328.3533,26.76564002,685.2718457000001,190.26130930000002,81.69219812,957.2253530999999,613.1272717999999,305.6180265,918.7452983,159.64414169999998,,72.19779192,23.41567667,94.74797287,118.1636495,2899.176975
1976,A.3.2.1: Expenditures by year,379.6203,369.5247,29.5113544,799.3097527000001,219.4308549,91.56220411,1110.302812,667.5654095,316.0366116,983.6020211000001,177.12922269999999,,62.02089967,29.49972168,91.37777504,120.8774967,3232.5888059999997
1977,A.3.2.1: Expenditures by year,420.119,401.7955,32.29711566,950.9401477,250.9697295,102.03443929999999,1303.944317,721.365953,324.491845,1045.857798,178.29643430000002,,90.17056578,36.37192856,96.5670578,132.9389864,3605.419717
1978,A.3.2.1: Expenditures by year,520.0887,484.3399,38.33886315,1087.296427,284.04635989999997,110.7970729,1482.139859,724.7481932000001,392.8086332,1117.556826,217.3881446,,86.16251833,43.20480258,77.0658584,120.270661,4066.2854729999995
1979,A.3.2.1: Expenditures by year,626.5286,590.3345,52.56733475,1230.702127,307.7618672,130.3283922,1668.792387,776.4606018,495.5336536,1271.994255,177.332,,100.09681359999999,50.2705243,79.48582903,129.7563533,4617.402244
1980,A.3.2.1: Expenditures by year,749.212,718.1654,51.53301049,1397.036567,347.13088710000005,150.4723813,1894.6398350000002,833.3417433,586.2967638,1419.6385070000001,355.44599999999997,,117.10827739999999,63.01519179,87.76516201,150.78035380000003,5456.523384
1981,A.3.2.1: Expenditures by year,903.3658,743.1917,49.72227184,1533.359891,434.86710980000004,177.0176878,2145.244689,1110.228538,654.9633544,1765.1918920000003,379.287,,186.4800845,66.41656452,95.21215426,161.6287188,6334.112156
1982,A.3.2.1: Expenditures by year,1090.8326,853.4307,67.66015959,1802.696177,518.6476235,214.3254134,2535.669214,1240.498065,714.9887981,1955.4868629999999,489.139,,146.6415388,73.76811626,99.66313441,173.4312507,7312.2913260000005
1983,A.3.2.1: Expenditures by year,1243.0755,947.1933,79.39125377,1965.063277,609.3465603999999,247.6540329,2822.06387,1289.7628630000002,845.8513434,2135.6142059999997,371.3644385,,172.7103832,82.14534114,105.03369270000002,187.1790338,7958.591986
1984,A.3.2.1: Expenditures by year,1408.5251,992.2839,81.27388406,2135.545795,711.6859897,271.18867,3118.420454,1312.707915,1058.636864,2371.344779,364.2594582,,250.27690730000003,91.24540246,108.6339239,199.8793264,8786.263809999999
1985,A.3.2.1: Expenditures by year,1522.5595,1039.4255,83.60780891,2435.811451,795.4510875,281.7831148,3513.045654,1447.7435480000001,1235.85251,2683.596057,414.36699999999996,,269.2458388,102.81218,118.2017101,221.0138901,9746.861249
1986,A.3.2.1: Expenditures by year,1700.114882,1104.9165,76.91729894,2672.463687,856.1637954,301.3068865,3829.9343689999996,1698.8402670000003,1399.026446,3097.866713,449.903,,296.37888080000005,119.6547149,133.0354744,252.69018930000001,10808.72183
1987,A.3.2.1: Expenditures by year,1796.882839,1197.0727,76.6188877,2917.335146,918.2624228,357.9854159,4193.582984000001,1800.439463,1621.711932,3422.1513950000003,480.73699999999997,,280.4220704,136.0962701,149.9404186,286.0366887,11733.504570000001
1988,A.3.2.1: Expenditures by year,1903.1301649999998,1270.36875,79.58942355,3182.64955,1003.394016,419.591209,4605.634775,2033.968884,1784.9334,3818.9022840000002,351.01336299999997,,426.27281849999997,164.1115,177.37877880000002,341.4902788,12796.40186
1989,A.3.2.1: Expenditures by year,2001.1472449999999,1312.75375,83.96682334,3470.381506,1096.708052,492.2251373,5059.314695,2292.03322,1975.6299,4267.66312,390.3962588,,660.1797709,196.055,212.8661605,408.9211605,14184.342819999998
1990,A.3.2.1: Expenditures by year,2240.309498,1581.38755,87.8612938,3756.7877380000004,1177.3262730000001,562.0721151,5496.186126,2593.851226,2058.6877,4652.538926,383.3706423,,665.3774212000001,226.22225,243.8233425,470.0455925,15577.07705
1991,A.3.2.1: Expenditures by year,2421.38627,1768.3013,90.92509135,4061.811474,1237.05504,619.695817,5918.562331,2861.922537,2236.6254,5098.547936999999,341.7051151,,746.8375619,249.764,270.88991960000004,520.6539196,16906.919530000003
1992,A.3.2.1: Expenditures by year,2537.766983,1889.87795,93.82529901,4272.815845,1295.41057,678.9615805,6247.187995,3192.252395,2418.10769,5610.360085,363.1049843,,804.9899955,265.49725,299.3395427,564.8367927,18111.950080000002
1993,A.3.2.1: Expenditures by year,2669.978979,2012.879872,97.25858531,4500.852878,1376.002784,732.6482611,6609.503922999999,3558.6717270000004,2576.023964,6134.695691,366.7251665,,1060.039989,275.5646059,351.4090395,626.9736452999999,19578.05585
1994,A.3.2.1: Expenditures by year,2660.571253,2092.005442,102.1919484,4781.244907,1478.962495,797.4236412,7057.631043,3673.346862,2764.024294,6437.371156,329.6430858,,1226.3670849999999,293.15398789999995,375.2872075,668.4411953,20574.22221
1995,A.3.2.1: Expenditures by year,2382.006167,2112.550341,109.06849440000002,5060.245917,1581.279599,838.9345118999998,7480.460028,4033.77327,2788.38298,6822.15625,439.14442410000004,,1274.07699,319.427527,431.2140188,750.6415458,21370.10424
1996,A.3.2.1: Expenditures by year,2248.0905399999997,2105.354859,119.45722759999998,5274.103690999999,1634.856534,884.0117907,7792.972016,4273.310205,2846.731211,7120.041416,474.03395839999996,,1309.053803,332.1312458,409.3594725,741.4907182,21910.49454
1997,A.3.2.1: Expenditures by year,2327.776147,2132.127149,121.3223153,5514.7985659999995,1974.6856149999999,1068.570676,8558.054856,4933.1805380000005,2976.775659,7909.9561969999995,364.33387989999994,,1291.4478199999999,358.913,469.1467268,828.0597267999999,23533.07809
1998,A.3.2.1: Expenditures by year,2335.6719940000003,2210.335286,143.30017709999998,5909.1358390000005,2073.47602,1027.924104,9010.535963,5443.540118999999,3171.346827,8614.886946999999,427.5,,1110.29332,557.467395,487.8843429,1045.351738,24897.87542
1999,A.3.2.1: Expenditures by year,2476.939974,2395.983686,152.9615292,6378.865571,2129.969043,1183.816424,9692.651039,5689.031428,3358.818648,9047.850076,882.1,,1333.2467550000001,631.0394349999999,567.7876229,1198.827058,27180.56012
2000,A.3.2.1: Expenditures by year,2664.641846,2650.177823,175.3335282,6783.598639,2346.1056489999996,1216.8356449999999,10346.539929999999,6429.313695000001,3420.260258,9849.573951999999,830.6,,1514.4243880000001,706.4681575000001,597.2452407000001,1303.713398,29335.004869999997
2001,A.3.2.1: Expenditures by year,2925.6425440000003,2719.9320850000004,148.47245880000003,7361.150058,2513.2598199999998,1449.746099,11324.15598,7102.502622,3536.415639,10638.918259999999,1088.8,,1990.105795,806.5436599999999,574.0728667000001,1380.616527,32216.64365
2002,A.3.2.1: Expenditures by year,3279.363015,2943.2237489999998,259.7680253,7829.962334000001,2559.9269489999997,1505.158494,11895.047779999999,7943.870381000001,3684.708516,11628.5789,1232.5,,2304.32245,871.2435475,733.2490126,1604.49256,35147.29647
2003,A.3.2.1: Expenditures by year,3327.4775440000003,3088.014673,196.684363,8071.291512999999,2437.609401,1534.2346300000002,12043.135540000001,8848.522811,3762.205513,12610.72832,1423.5,,2605.167066,994.87736,735.7102279000001,1730.5875879999999,37025.2951
2004,A.3.2.1: Expenditures by year,3628.9751409999994,3575.9834149999997,232.4150654,8554.654048,2812.144423,1629.899402,12996.69787,9593.999047,3930.190267,13524.18931,1099.2,,2748.195513,1078.928308,631.0790404,1710.007348,39515.66367
2005,A.3.2.1: Expenditures by year,4105.654544,3587.04572,253.9082935,9220.705393,2959.446942,1713.3480690000001,13893.5004,10198.44413,4083.720152,14282.16428,1480.1,,2772.786566,1100.138385,727.4474312000001,1827.585816,42202.74563
2006,A.3.2.1: Expenditures by year,4365.887274000001,4129.426313,303.9984795,9717.619817,3212.245742,2034.346587,14964.21215,11214.850209999999,4263.685769,15478.53598,2055.0,,2731.413807,1174.834873,851.4338962999999,2026.2687690000002,46054.74277
2007,A.3.2.1: Expenditures by year,4553.8608939999995,4493.914007,244.23907549999998,10432.47231,3529.396286,1991.328696,15953.19729,11831.73405,4437.423231,16269.157280000001,1550.9,,2981.048091,1202.575585,916.5748263,2119.150411,48165.46705
2008,A.3.2.1: Expenditures by year,4676.427223,4765.919059000001,390.3492122,11205.89645,3657.146143,2244.535023,17107.57762,12634.9949,4516.307543,17151.30244,1406.3,,3205.748009,1203.24066,954.6541687999999,2157.894829,50861.51839
2009,A.3.2.1: Expenditures by year,5021.855889,5208.592594,398.1372347,11447.1566,3929.1562280000003,2208.247814,17584.56064,13290.16101,4757.555171,18047.71618,1517.0,,3155.3461350000002,1261.18875,921.2122832999999,2182.4010329999996,53115.609710000004
2010,A.3.2.1: Expenditures by year,5293.161324000001,5583.329535,295.902291,11205.93352,3590.1112759999996,2173.776707,16969.8215,15848.385690000001,4842.332953,20690.71864,2057.0,,3364.9832549999996,1261.048164,1550.902407,2811.9505719999997,57066.86712
2011,A.3.2.1: Expenditures by year,5549.174121,5714.019644,364.2202262,11171.9893,3670.354021,2358.953747,17201.29706,16081.21041,5070.481042,21151.69146,2026.578065,,3619.5033270000004,1225.9140710000001,1657.206267,2883.1203379999997,58509.60424
2012,A.3.2.1: Expenditures by year,5658.380346,5978.711085,443.24396960000007,11701.23808,3573.93945,2867.547278,18142.72481,16303.78976,5183.63824,21487.428,2154.3,,3520.027158,1417.5745029999998,1718.914152,3136.488655,60521.30402
2013,A.3.2.1: Expenditures by year,5891.864692,6402.211095000001,389.82088210000006,12001.23328,3645.57309,2942.1088870000003,18588.915259999998,16597.197369999998,5253.317371,21850.514740000002,1382.6,,3657.079812,1461.480683,1619.238785,3080.7194670000003,61243.72595
2014,A.3.2.1: Expenditures by year,6130.228927,6786.348473,409.1936946000001,12326.18087,3727.746729,3459.2332530000003,19513.16085,16914.84001,5295.096814,22209.93682,1745.6293210000001,,3632.2261270000004,1506.7231,2045.433839,3552.156939,63978.881160000004
2015,A.3.2.1: Expenditures by year,6459.1313740000005,7239.243973999999,460.43312199999997,13124.85815,4083.680496,3562.093315,20770.63196,17627.98039,5492.269017,23120.24941,2090.273892,,3163.1562289999997,1578.3676710000002,2052.943812,3631.311483,66934.43144
2016,A.3.2.1: Expenditures by year,6640.145827,7702.514567,611.7002554,14299.83804,4237.335224,3794.7679329999996,22331.9412,17930.29179,5667.167237,23597.45902,1888.9912129999998,,3858.042905,1646.639234,3029.120248,4675.759483,71306.55447999999
2017,A.3.2.1: Expenditures by year,6898.116681,8259.591187,572.9723683,15161.69483,4452.157502,4032.325292,23646.17762,18638.50934,5897.243697,24535.75304,1916.440714,,4019.176257,1727.1703309999998,3203.2987980000003,4930.469129,74778.697
2018,A.3.2.1: Expenditures by year,7190.70892,8893.472742,598.0117839,16103.578269999998,4670.616497,4290.6988,25064.89357,19300.33747,6134.303456,25434.640919999998,2182.2556010000003,,4139.205956,1802.59616,3401.736378,5204.332538000001,78707.52203
1975,A.3.2.2: Percentage by year,10.97145165,11.32574185,0.9232151140000001,23.636771799999998,6.562597281,2.817772038,33.01714112,21.14832165,10.54154435,31.689866,5.506533168,,2.49028578,0.807666344,3.268098971,4.075765314,100.0
1976,A.3.2.2: Percentage by year,11.74353816,11.43123119,0.912932519,24.72661389,6.788084351,2.8324729680000003,34.34717121,20.65110812,9.776579408,30.42768753,5.479485121000001,,1.918613946,0.9125726609999999,2.826767663,3.739340323,100.0
1977,A.3.2.2: Percentage by year,11.65242976,11.14420876,0.895793505,26.37529671,6.9609018979999995,2.8300294360000002,36.16622804,20.00782183,9.000112899,29.00793472,4.945233797,,2.500972782,1.008812605,2.678386024,3.6871986289999996,100.0
1978,A.3.2.2: Percentage by year,12.7902653,11.91111404,0.942847309,26.73930382,6.985401339,2.724773595,36.44947875,17.82334758,9.660134189,27.48348176,5.346111237,,2.118949073,1.062512774,1.8952397440000002,2.9577525189999996,100.0
1979,A.3.2.2: Percentage by year,13.56885467,12.78499184,1.1384612379999999,26.65356107,6.665260053,2.822547947,36.14136908,16.81596189,10.73187103,27.54783292,3.840514442,,2.167816628,1.088718757,1.72144043,2.8101591860000004,100.0
1980,A.3.2.2: Percentage by year,13.73057435,13.161593,0.94442939,25.60305287,6.361759359,2.75766034,34.72247257,15.27239388,10.74487769,26.01727157,6.514147837,,2.146206828,1.15485974,1.608444715,2.763304456,100.0
1981,A.3.2.2: Percentage by year,14.26191671,11.73316294,0.784991971,24.20796875,6.865478525,2.794672457,33.86811973,17.52776885,10.34025509,27.86802394,5.988005748,,2.94406035,1.048553655,1.5031649569999999,2.5517186119999997,100.0
1982,A.3.2.2: Percentage by year,14.91779459,11.67118023,0.9252935440000001,24.65295892,7.092819477999999,2.931029466,34.67680787,16.96456022,9.777903617,26.74246383,6.689271231,,2.005411605,1.008823541,1.362953553,2.371777093,100.0
1983,A.3.2.2: Percentage by year,15.61928922,11.90151853,0.997554013,24.6910921,7.656461866,3.111782,35.45933596,16.20591765,10.62815313,26.83407078,4.666207781000001,,2.170112295,1.032159222,1.319752198,2.351911421,100.0
1984,A.3.2.2: Percentage by year,16.03099031,11.29358191,0.925010742,24.30550506,8.099984306,3.086507255,35.49199662,14.94045642,12.04877166,26.98922808,4.145783306,,2.8485020789999997,1.038500601,1.236406353,2.274906954,100.0
1985,A.3.2.2: Percentage by year,15.62102364,10.66420741,0.857792132,24.99072665,8.16109994,2.891013913,36.042840500000004,14.85343344,12.67949218,27.53292562,4.2512865369999995,,2.762385058,1.05482347,1.212715633,2.2675391030000003,100.0
1986,A.3.2.2: Percentage by year,15.729102,10.22245291,0.711622522,24.72506674,7.921045695,2.787627355,35.43373979,15.71730953,12.9434957,28.66080523,4.162407054,,2.7420344919999997,1.107020023,1.23081597,2.337835992,100.0
1987,A.3.2.2: Percentage by year,15.31411889,10.20217526,0.652992354,24.86328896,7.825985985,3.050967543,35.74024249,15.34443058,13.82120681,29.16563739,4.097130549,,2.389925949,1.159894466,1.277882646,2.437777112,100.0
1988,A.3.2.2: Percentage by year,14.87238511,9.927546541,0.621967209,24.87144109,7.841219955,3.278978057,35.9916391,15.89485003,13.94871324,29.84356327,2.743062987,,3.3311928089999996,1.282481606,1.3861613659999998,2.668642972,100.0
1989,A.3.2.2: Percentage by year,14.10814212,9.254949392999999,0.5919683720000001,24.46628334,7.73182139,3.470200512,35.66830525,16.1588961,13.92824415,30.08714026,2.752304168,,4.654285216,1.382193045,1.500712181,2.882905226,100.0
1990,A.3.2.2: Percentage by year,14.38209165,10.15201726,0.564042237,24.11741128,7.558069268,3.608328528,35.28380908,16.65171982,13.21613608,29.867855900000002,2.4611205369999998,,4.2715165310000005,1.4522766319999998,1.5652701830000002,3.0175468160000003,100.0
1991,A.3.2.2: Percentage by year,14.32186547,10.45903896,0.5377980960000001,24.02455082,7.316856498,3.66533842,35.00674574,16.92752209,13.22905333,30.15657541,2.021096242,,4.417348535,1.477288631,1.602242911,3.079531542,100.0
1992,A.3.2.2: Percentage by year,14.01156127,10.43442557,0.5180298010000001,23.5911419,7.15224238,3.7486939689999996,34.49207825,17.62511701,13.35089639,30.976013399999996,2.0047812780000003,,4.44452415,1.4658678319999998,1.6527184609999999,3.118586293,100.0
1993,A.3.2.2: Percentage by year,13.63761039,10.28130621,0.496773459,22.98927387,7.028291236,3.7421910869999997,33.75975619,18.17683918,13.15771077,31.33454996,1.873143939,,5.41442928,1.4075177230000002,1.794912846,3.2024305689999997,100.0
1994,A.3.2.2: Percentage by year,12.93157635,10.16809005,0.496698963,23.23900684,7.188424815,3.8758385769999997,34.30327023,17.85412262,13.43440479,31.28852741,1.602214084,,5.960697191,1.424860609,1.8240651030000001,3.2489257119999997,100.0
1995,A.3.2.2: Percentage by year,11.1464415,9.885540648,0.51037886,23.679088600000004,7.399494082,3.925738978,35.00432166,18.87577723,13.04805512,31.92383235,2.054947506,,5.961959642,1.494740144,2.017837695,3.512577839,100.0
1996,A.3.2.2: Percentage by year,10.26033683,9.608887903,0.545205529,24.07113031,7.461522748999999,4.034650104,35.56730316,19.50348587,12.99254659,32.49603245,2.163501867,,5.974551602999999,1.5158546290000001,1.868326029,3.384180658,100.0
1997,A.3.2.2: Percentage by year,9.891507342,9.060128646,0.515539509,23.43424241,8.391106369,4.540717843,36.36606662,20.96275089,12.64932555,33.61207644,1.5481777540000001,,5.487798131,1.525142604,1.9935629540000002,3.518705558,100.0
1998,A.3.2.2: Percentage by year,9.38100924,8.877606013,0.5755518279999999,23.73349428,8.327923506,4.128561518,36.1899793,21.86347239,12.73741945,34.60089184,1.717013973,,4.459389811,2.239015922,1.9595420680000002,4.19855799,100.0
1999,A.3.2.2: Percentage by year,9.112909975,8.815063692,0.5627607689999999,23.46848462,7.836369207000001,4.355379062,35.66023289,20.93051579,12.35742984,33.28794564,3.2453341510000002,,4.905148199,2.321657215,2.08894747,4.410604685,100.0
2000,A.3.2.2: Percentage by year,9.083488679,9.034182318,0.597693878,23.12458672,7.9976317020000005,4.14806696,35.27028538,21.91686595,11.65931376,33.57617971,2.831429562,,5.162516232,2.40827694,2.035947304,4.444224243,100.0
2001,A.3.2.2: Percentage by year,9.081152512000001,8.442630196,0.460856384,22.84890425,7.801122447999999,4.499991107,35.15001779999999,22.04606631,10.97698344,33.02304976,3.37961959,,6.177259855,2.503499957,1.7819139480000001,4.285413905,100.0
2002,A.3.2.2: Percentage by year,9.330342142000001,8.373969107,0.739083945,22.27756647,7.2834249170000005,4.282430358,33.84342174,22.60165412,10.48361862,33.08527273,3.50667085,,6.556186909,2.4788351730000002,2.086217394,4.5650525680000005,100.0
2003,A.3.2.2: Percentage by year,8.98703855,8.340283755,0.531216193,21.7993982,6.583632607,4.143747202,32.52677801,23.89858821,10.16117631,34.05976452,3.844668884,,7.036181775,2.687020744,1.987047574,4.674068318,100.0
2004,A.3.2.2: Percentage by year,9.183637079,9.04953399,0.588159337,21.64876723,7.116530919,4.124691959,32.88999011,24.27897739,9.945904743,34.22488213,2.781681738,,6.95469912,2.730381341,1.597035155,4.327416496000001,100.0
2005,A.3.2.2: Percentage by year,9.728406251000001,8.49955534,0.6016392770000001,21.84859126,7.0124512,4.059802375,32.92084484,24.16535697,9.6764324,33.84178937,3.50711779,,6.570156811,2.606793394,1.7236969309999999,4.330490325,100.0
2006,A.3.2.2: Percentage by year,9.479777786,8.966343235,0.660080724,21.10015002,6.974842434,4.417235805,32.49222826,24.35112985,9.25786469,33.60899454,4.462081158999999,,5.930798095,2.550953066,1.8487431369999998,4.399696203,100.0
2007,A.3.2.2: Percentage by year,9.454617951,9.330157647,0.507083374,21.659651500000002,7.327648836,4.134349395,33.12164973,24.56476554,9.212872837,33.77763838,3.219941786,,6.189181324,2.496758899,1.902970909,4.399729809,100.0
2008,A.3.2.2: Percentage by year,9.194431017000001,9.370382973,0.7674745559999999,22.0321705,7.190399066,4.413031883,33.63560145,24.84195379,8.879616036,33.72156983,2.764958744,,6.302894822000001,2.36571911,1.8769674969999999,4.2426866069999996,100.0
2009,A.3.2.2: Percentage by year,9.45457638,9.806142908,0.7495672870000001,21.55139828,7.397366329,4.15743663,33.10620124,25.02119637,8.956981191,33.97817756,2.85603424,,5.940525115,2.374422052,1.7343532130000001,4.108775265,100.0
2010,A.3.2.2: Percentage by year,9.275366936000001,9.783837482000001,0.518518548,19.63649677,6.291060746,3.8091747760000003,29.73673229,27.77160634,8.485366725,36.25697307,3.6045434139999997,,5.896562096,2.2097729,2.71769327,4.92746617,100.0
2011,A.3.2.2: Percentage by year,9.484210657,9.765951621000001,0.6224964789999999,19.09428279,6.273079555,4.031737656000001,29.39910001,27.48473626,8.66606621,36.15080247,3.463667361,,6.186169559,2.095235624,2.832366221,4.927601845,100.0
2012,A.3.2.2: Percentage by year,9.349402559,9.878688475,0.732376767,19.33408123,5.9052584999999995,4.738079135,29.97741886,26.93892675,8.564981083,35.50390783,3.559573005,,5.8161786410000005,2.342273561,2.840180297,5.182453858,100.0
2013,A.3.2.2: Percentage by year,9.620356372,10.45366035,0.636507456,19.59585753,5.952565806,4.803935163999999,30.3523585,27.10024107,8.577723333,35.6779644,2.25753737,,5.971354217000001,2.386335351,2.643925985,5.030261336000001,100.0
2014,A.3.2.2: Percentage by year,9.581644468,10.60716966,0.639576196,19.26601505,5.8265269129999995,5.406836115,30.49937808,26.43816163,8.276319808,34.71448143,2.728446152,,5.677226706,2.355031962,3.1970453410000004,5.552077303,100.0
2015,A.3.2.2: Percentage by year,9.649938358,10.81542611,0.687886805,19.60853011,6.101016185,5.321765254,31.03131155,26.33619202,8.205446582,34.54163861,3.1228679269999997,,4.7257534880000005,2.358080344,3.0670968110000003,5.425177155,100.0
2016,A.3.2.2: Percentage by year,9.312111454,10.80197273,0.8578457620000001,20.05403031,5.942420377,5.321765945,31.31821663,25.14536275,7.947610536,33.09297329,2.649113012,,5.41050249,2.309239658,4.2480249830000005,6.55726464,100.0
2017,A.3.2.2: Percentage by year,9.224708316000001,11.04537993,0.76622406,20.27541992,5.953777855,5.39234495,31.62154273,24.92489183,7.886261641,32.81115348,2.562816405,,5.374761019,2.309709049,4.28370502,6.593414069,100.0
2018,A.3.2.2: Percentage by year,9.135986922999999,11.29939364,0.7597898759999999,20.46002448,5.934142476,5.451446938999999,31.84561389,24.52159205,7.793795686,32.31538774,2.772613779,,5.258971251,2.290246362,4.3219965380000005,6.612242901,100.0
1975,A.3.2.3: Expenditures by year,13.74407644,14.18790027,1.156523267,29.61008342,8.221048734,3.529858721,41.36099087,26.49277039,13.20552612,39.69829651,6.898103845,,3.119612538,1.011773858,4.093988974,5.105762832,125.27126659999999
1976,A.3.2.3: Expenditures by year,16.18864322,15.75812339,1.258491148,34.08600754,9.357475932,3.904606404,47.34808987,28.4678618,13.47716112,41.94502293,7.553552297,,2.644838057,1.257995079,3.896741555,5.154736634,137.85149750000002
1977,A.3.2.3: Expenditures by year,17.70717352,16.93487473,1.36125867,40.08022061,10.57787091,4.300547037,54.95863855,30.40412859,13.67668066,44.08080925,7.514837225,,3.8005085569999997,1.533003864,4.070107871,5.603111734,151.9612122
1978,A.3.2.3: Expenditures by year,21.70348745,20.21167724,1.59989447,45.37326873,11.85335618,4.623601474,61.85022638,30.24400129,16.39204474,46.63604603,9.071685018,,3.595592704,1.802951863,3.215985832,5.018937695,169.687547
1979,A.3.2.3: Expenditures by year,25.88768497,24.3921723,2.172042268,50.85167534,12.71648615,5.385069989,68.95323148,32.08276119,20.47507347,52.55783466,7.327223292,,4.135924166000001,2.077139809,3.284293968,5.361433776,190.7875469
1980,A.3.2.3: Expenditures by year,30.560035499999998,29.29365803,2.102009351,56.98452117,14.1593197,6.1377037660000004,77.28154464,33.99165157,23.91479303,57.9064446,14.49848958,,4.776796307,2.570362592,3.57990324,6.1502658320000005,222.5692438
1981,A.3.2.3: Expenditures by year,36.39611186,29.94278535,2.00328302,61.77822774,17.52055698,7.131945406,86.43073012,44.73049793,26.38811377,71.1186117,15.28126489,,7.513180172,2.675886901,3.836045395,6.511932296,255.19789939999998
1982,A.3.2.3: Expenditures by year,43.42928711,33.97761205,2.693751999,71.77069134,20.648903,8.532931554,100.95252590000001,49.387914,28.46582857,77.85374257,19.47407702,,5.8382353920000005,2.936927903,3.96788552,6.904813422999999,291.1240455
1983,A.3.2.3: Expenditures by year,49.00370636,37.3396325,3.12970989,77.46543455,24.02126011,9.762854715,111.24954939999999,50.84418493,33.34459641,84.18878134,14.63968511,,6.808475351,3.238279715,4.140569285,7.378849000000001,313.7383889
1984,A.3.2.3: Expenditures by year,55.00407281,38.74950889,3.173812548,83.39483363,27.79192788,10.59014237,121.77690390000001,51.26233231,41.34064714,92.60297945,14.22463381,,9.773520706000001,3.563208607,4.2422447860000005,7.805453394,343.1108855
1985,A.3.2.3: Expenditures by year,58.91634307,40.22118633,3.235253764,94.25516908,30.78045171,10.90376479,135.93938559999998,56.02129542,47.82204599,103.84334140000001,16.03417688,,10.41862746,3.978378297,4.573885291,8.552263587999999,377.16057810000007
1986,A.3.2.3: Expenditures by year,65.1356188,42.332092200000005,2.946892539,102.3887137,32.80175898,11.54381431,146.73428700000002,65.08678513,53.60017385,118.686959,17.23690005,,11.35501018,4.584268968,5.096919061,9.681188029,414.1089478
1987,A.3.2.3: Expenditures by year,67.93801997,45.25990634,2.89686974,110.3009996,34.71841873,13.53500618,158.5544245,68.07249171,61.31501466,129.3875064,18.17609874,,10.60242761,5.14563939,5.66907031,10.8147097,443.629963
1988,A.3.2.3: Expenditures by year,71.02455542,47.40998664,2.970266316,118.7760425,37.44652637,15.65908608,171.8816549,75.90743839,66.61346845,142.52090680000003,13.09977032,,15.90844283,6.124618558,6.619751575,12.74437013,477.5599534
1989,A.3.2.3: Expenditures by year,73.35101098,48.11830563,3.0777602180000003,127.20502830000001,40.19926301,18.04225628,185.4465476,84.01328503,72.41568599,156.428971,14.30977173,,24.19854599,7.18629401,7.80249835,14.98879236,519.9197055
1990,A.3.2.3: Expenditures by year,80.88481167,57.09489438,3.172170724,135.6362007,42.50654384,20.29322164,198.43596619999997,93.64918916,74.32748335,167.9766725,13.84132962,,24.02298765,8.167596533,8.803071699,16.97066823,562.399501
1991,A.3.2.3: Expenditures by year,86.3812138,63.08287717,3.243687243,144.9022032,44.1310489,22.10720261,211.1404547,102.09702829999999,79.79000263,181.8870309,12.19008424,,26.64289292,8.910151077,9.663803067,18.57395414,603.1421952000001
1992,A.3.2.3: Expenditures by year,89.46252806,66.6228461,3.3075725639999995,150.627268,45.66640879,23.93506569,220.22874249999998,112.5347486,85.24424366,197.77899230000003,12.80034379,,28.377877299999998,9.359431082,10.55245514,19.91188622,638.4907887999999
1993,A.3.2.3: Expenditures by year,93.08959075,70.17964,3.390948758,156.92353980000001,47.97473576,25.54399391,230.44226940000001,124.0741209,89.81382194,213.8879429,12.78597919,,36.95860136,9.607639831,12.25197798,21.85961782,682.5945902000001
1994,A.3.2.3: Expenditures by year,91.74647798,72.14019583,3.523961755,164.8752613,51.00017517,27.4981587,243.3735952,126.6707804,95.31392692,221.98470730000003,11.36733026,,42.28973783,10.10904927,12.94131081,23.05036008,709.4763662
1995,A.3.2.3: Expenditures by year,81.29088524,72.09514808,3.72218787,172.691354,53.96443559,28.63037471,255.28616430000002,137.66085259999997,95.15933417,232.82018680000002,14.9867114,,43.48051144,10.90112477,14.71606993,25.6171947,729.2989898
1996,A.3.2.3: Expenditures by year,75.92101912,71.1006446,4.0342300710000005,178.1135235,55.21128798,29.85425848,263.1790699,144.31539119999997,96.13791385,240.4533051,16.00875969,,44.20849472,11.21651562,13.82461595,25.04113157,739.9466547000001
1997,A.3.2.3: Expenditures by year,77.83281333,71.29098499999999,4.056600171,184.39586119999998,66.02668259,35.72932133,286.1518651,164.9485585,99.53312068,264.4816792,12.18206952,,43.18156503,12.00081398,15.68664996,27.68746394,786.8650412000001
1998,A.3.2.3: Expenditures by year,77.45019873,73.29407022,4.75179187,195.9452125,68.75585708,34.08566199,298.7867315,180.5061948,105.1609313,285.6671261,14.1757747,,36.81700106,18.48545542,16.17810181,34.66355723,825.6062513999999
1999,A.3.2.3: Expenditures by year,81.46789609999999,78.80519998,5.030987468999999,209.80434049999997,70.05583443,38.9363628,318.7965377,187.11532219999998,110.4733629,297.5886851,29.01274633,,43.85120724,20.75522849,18.67484217,39.43007066,893.9833305999999
2000,A.3.2.3: Expenditures by year,86.82716307,86.35585390000001,5.713230417,221.0430742,76.44768397,39.65050203,337.1412602,209.4987247,111.4489347,320.94765939999996,27.06504131,,49.34740985,23.02021414,19.46119325,42.48140739,955.8790255000001
2001,A.3.2.3: Expenditures by year,94.31091428,87.67963886,4.78615317,237.29378480000003,81.0173587,46.73396631,365.04510980000003,228.95603480000003,113.9997752,342.9558099,35.09852004,,64.15298322,25.9997142,18.50579355,44.50550775,1038.534637
2002,A.3.2.3: Expenditures by year,104.5295695,93.81514342,8.280095782,249.57974730000004,81.59757271,47.97686892,379.1541889,253.2105619,117.4499418,370.6605036,39.28588994,,73.45018918,27.77085446,23.37228398,51.14313844,1120.3187189999999
2003,A.3.2.3: Expenditures by year,105.04702160000001,97.48728268,6.2092399579999995,254.80716919999998,76.95427061,48.43512124,380.1965611,279.34402389999997,118.7711948,398.1152187,44.93927704,,82.24399335,31.40784637,23.22605252,54.63389889,1168.872493
2004,A.3.2.3: Expenditures by year,113.42249009999999,111.76625020000002,7.264060627999999,267.37305330000004,87.89269987,50.941999200000005,406.20775239999995,299.8574582,122.8368752,422.6943334,34.35515435,,85.89399658,33.7215689,19.72417926,53.44574816,1235.049786
2005,A.3.2.3: Expenditures by year,127.06253899999999,111.01253940000001,7.857999766,285.3640573,91.58949894,53.02500577,429.978562,315.62329260000007,126.3837095,442.00700199999994,45.80640236,,85.81269989,34.04728161,22.513174600000003,56.56045621,1306.098201
2006,A.3.2.3: Expenditures by year,134.0441996,126.78422739999999,9.333551306,298.35643680000004,98.62437631,62.45978033,459.4405935,344.3253401,130.9063451,475.23168530000004,63.09389431,,83.86157374,36.07051449,26.1412556,62.21177009,1414.001495
2007,A.3.2.3: Expenditures by year,138.4660321,136.6432694,7.426405078999999,317.21281760000005,107.31586029999998,60.5489253,485.07760319999994,359.7591813,134.9255943,494.6847756,47.157121000000004,,90.64262398,36.56586651,27.86964342,64.43550993,1464.53334
2008,A.3.2.3: Expenditures by year,140.66230980000003,143.3541358,11.74131858,337.06229210000004,110.0033422,67.51339555,514.5790298999999,380.0481612,135.8460681,515.8942293,42.30011436,,96.42573234,36.19229007,28.71505405,64.90734412,1529.864214
2009,A.3.2.3: Expenditures by year,149.3330148,154.885933,11.83925522,340.39973330000004,116.8398213,65.66582368,522.9053782999999,395.2044531,141.473605,536.6780581,45.11045087,,93.82932551,37.50348922,27.3937386,64.89722782,1579.478644
2010,A.3.2.3: Expenditures by year,155.65707030000002,164.19010580000003,8.701658777999999,329.5351632,105.5751315,63.92469319,499.0349879,466.05669720000003,142.3994688,608.4561659,60.49061684,,98.95474612,37.08389953,45.60770212,82.69160165,1678.1769530000001
2011,A.3.2.3: Expenditures by year,161.5819721,166.38197730000002,10.60543806,325.3082393,106.87410919999999,68.68849134,500.8708399,468.25593080000004,147.6432905,615.8992212,59.01030916,,105.3934284,35.69641338,48.25486657,83.95127995,1703.694466
2012,A.3.2.3: Expenditures by year,162.8285354,172.04654159999998,12.7550221,336.72099469999995,102.84556540000001,82.51805196,522.0846121000001,469.1664478,149.1671063,618.3335541,61.99327234,,101.2941569,40.79287109,49.46437969,90.25725078,1741.5929449999999
2013,A.3.2.3: Expenditures by year,167.60931599999998,182.1274382,11.08946231,341.4060925,103.7077469,83.69588982,528.8097292,472.1501672,149.4441874,621.5943546,39.3316297,,104.0350853,41.57559455,46.06343142,87.63902597,1742.2360410000001
2014,A.3.2.3: Expenditures by year,172.51073290000002,190.9745888,11.51511713,346.8709768,104.9024968,97.34626076,549.1197342999999,476.0004041,149.0092855,625.0096894999999,49.12374352,,102.21445209999999,42.40068509,57.56054055,99.96122563,1800.429284
2015,A.3.2.3: Expenditures by year,180.25895569999997,202.0300383,12.84959059,366.2834964,113.96578559999999,99.40953109,579.6588131,491.9549012,153.2761327,645.2310338999999,58.33456034,,88.27614822,44.0484783,57.29276682,101.3412451,1867.980385
2016,A.3.2.3: Expenditures by year,183.10267019999998,212.3975921,16.86769433,394.3194318,116.84493300000001,104.6410967,615.8054615,494.4295487,156.2726905,650.7022390999999,52.08911734,,106.3859102,45.40623784,83.52828693,128.9345248,1966.2852100000002
2017,A.3.2.3: Expenditures by year,187.9181945,225.0074238,15.60888833,413.0342309,121.285481,109.84843020000001,644.1681421,507.7494606000001,160.6524562,668.4019168,52.20759456,,109.4902247,47.05149902,87.26412648,134.31562549999998,2037.1180100000001
2018,A.3.2.3: Expenditures by year,194.0096508,239.95124269999997,16.13471754,434.4842257,126.01604180000001,115.76563390000001,676.2659012999999,520.7347111,165.5071961,686.2419072,58.87856842,,111.6782658,48.63512839,91.78089311,140.4160215,2123.576275
1975,A.3.3.1: Expenditures by year,5136.774423,796.6173073,1813.1505,56.39522478,35.86022022,46.71875,138.974195,158.5617407,,158.5617407,376.43025,406.8169476,271.36669910000006,70.32075,131.2470612,201.5678112,9300.259874
1976,A.3.3.1: Expenditures by year,5977.679493,999.0841211000001,2041.517,69.80606067,40.64626054,53.92475,164.3770712,215.8414971,,215.8414971,366.972,510.6146138,299.8960297,75.93206938,165.2800645,241.21213390000003,10817.193959999999
1977,A.3.3.1: Expenditures by year,6372.727841,1175.160602,2252.119,83.70306565,44.85925,60.53675,189.09906569999998,266.55840010000003,,266.55840010000003,385.44075,598.5057023,318.145788,93.07550094,193.72609169999998,286.80159269999996,11844.55874
1978,A.3.3.1: Expenditures by year,6861.917628,1367.509041,2528.342336,103.9580541,51.91225,75.52419754,231.39450159999998,327.94116460000004,,327.94116460000004,454.82275,615.3965336,320.5707132,107.2354926,225.3841937,332.6196863,13040.51436
1979,A.3.3.1: Expenditures by year,7487.615754,1581.373879,2804.482688,143.8292218,57.98973222,88.87821509,290.6971691,386.4068822,,386.4068822,547.8213726,706.991187,351.7105766,123.4095,271.7668846,395.17638460000006,14552.27589
1980,A.3.3.1: Expenditures by year,8585.160644,1821.4790480000001,3235.97706,194.9362942,67.22843045,104.90192830000001,367.06665289999995,465.00992180000003,,465.00992180000003,635.2946737000001,845.3669162,395.2038486,139.51875,351.770746,491.289496,16841.84826
1981,A.3.3.1: Expenditures by year,10127.35147,2146.661454,3775.120697,278.443557,78.74374767,126.67187620000001,483.85918080000005,566.8636267,,566.8636267,731.910157,1006.108863,445.0176586,164.7355,494.9661135,659.7016135,19942.594719999997
1982,A.3.3.1: Expenditures by year,12001.92559,2531.36395,4353.140920000001,270.04075389999997,91.12568222,143.0088231,504.17525930000005,683.5884077000001,,683.5884077000001,905.6957422,1149.698739,546.6137348,184.22148090000002,586.4173119,770.6387927999999,23446.84113
1983,A.3.3.1: Expenditures by year,13174.546629999999,2794.37157,4973.297723,260.6615828,105.676,163.993501,530.3310838000001,817.3653254,,817.3653254,1065.243143,1241.417462,590.9278356000001,215.1450676,677.3652401,892.5103075999999,26080.01109
1984,A.3.3.1: Expenditures by year,13936.304830000001,2923.255106,5444.57625,266.7426057,117.66498500000002,181.0182033,565.4257941000001,942.8492707,,942.8492707,1139.874855,1376.487482,647.3449809,245.6619739,735.0958552,980.7578291000001,27956.8764
1985,A.3.3.1: Expenditures by year,14737.747309999999,3066.456252,5962.062091,275.5161872,130.4191477,214.58463340000003,620.5199683999999,1118.7107119999998,,1118.7107119999998,1236.876896,1515.720037,696.8118535,278.9845142,861.6183387,1140.6028529999999,30095.50797
1986,A.3.3.1: Expenditures by year,15937.05306,2982.433131,6597.889216,287.1645777,146.05310980000002,260.6551082,693.8727957000001,1319.2062019999998,,1319.2062019999998,1351.542099,1570.158811,734.1840332,334.0057599,1009.0805320000001,1343.086292,32529.425639999998
1987,A.3.3.1: Expenditures by year,17154.2069,3132.08157,7266.2291159999995,286.265895,157.30280580000002,276.357402,719.9261028,1492.702088,,1492.702088,1391.061783,1660.980822,779.6486941000001,316.8809622,1141.984982,1458.865944,35055.70302
1988,A.3.3.1: Expenditures by year,18497.17334,3468.291122,7862.509995,311.3499332,180.7828255,296.0177172,788.1504759,1702.8198510000002,,1702.8198510000002,1550.704913,1786.571491,799.2464116,343.85938619999996,1364.341365,1708.200751,38163.66835
1989,A.3.3.1: Expenditures by year,20268.97512,3828.505653,8422.705884,350.2708489,205.6240254,341.5267753,897.4216495999999,1970.864509,,1970.864509,1702.413698,1953.591609,864.791875,393.083417,1609.526062,2002.609479,41911.87948
1990,A.3.3.1: Expenditures by year,20528.1497,5100.448684,9090.923201000001,371.69768639999995,235.89107579999998,379.80555860000004,987.3943207999998,2277.765417,,2277.765417,1740.297821,2231.401145,1023.8924390000001,455.5193912,2080.0102039999997,2535.529595,45515.802319999995
1991,A.3.3.1: Expenditures by year,21783.234940000002,5868.3028460000005,10014.43557,387.9303839,265.5054585,442.8861443,1096.3219869999998,2604.51825,,2604.51825,1685.794501,2415.806442,1043.1339990000001,466.8397381,2552.122162,3018.9619,49530.51043
1992,A.3.3.1: Expenditures by year,22652.39535,6253.8208,10249.6075,394.80383789999996,262.2172484,470.5368709,1127.557957,2904.884239,,2904.884239,1694.872825,2578.788849,1058.374188,557.058621,2664.325336,3221.383957,51741.68566
1993,A.3.3.1: Expenditures by year,22619.06127,6190.379097999999,10306.2854,407.31300719999996,229.69077090000002,460.6362103999999,1097.639989,3041.6100760000004,,3041.6100760000004,1650.220526,2691.543307,1072.309975,530.3700826,2741.6094350000003,3271.979518,51941.029160000006
1994,A.3.3.1: Expenditures by year,22096.82453,6266.364821,10533.273220000001,418.6300863,221.20040130000004,429.2252254,1069.055713,3086.6196489999998,,3086.6196489999998,1943.170316,2970.962233,1163.459925,518.3654274,2937.309325,3455.6747530000002,52585.40516
1995,A.3.3.1: Expenditures by year,21849.463209999998,6498.11508,10506.52237,408.1329202,197.1194132,427.6347941000001,1032.887127,3366.166404,,3366.166404,1823.9804989999998,3136.726766,1173.185981,478.6668648,3001.572591,3480.2394560000002,52867.286889999996
1996,A.3.3.1: Expenditures by year,21997.29185,6591.257462,10651.79831,373.9817851,196.9026596,426.181862,997.0663066999999,3331.267249,,3331.267249,1685.9419420000002,3277.747413,1154.5586759999999,467.2807785,3017.588425,3484.869204,53171.79841
1997,A.3.3.1: Expenditures by year,22307.518969999997,6834.191551000001,11103.51932,365.17832020000003,215.12033369999997,448.1424518,1028.441106,3598.7813170000004,,3598.7813170000004,1757.649109,3420.914814,1217.019641,716.0923855000001,3224.329741,3940.4221270000003,55208.45795
1998,A.3.3.1: Expenditures by year,23530.41155,7172.4736680000005,11627.84607,352.29577739999996,204.6606358,481.06683839999994,1038.023252,4007.5273979999997,,4007.5273979999997,1873.9869219999998,4295.32824,1344.013994,733.8987987,3545.881472,4279.78027,59169.39136
1999,A.3.3.1: Expenditures by year,24751.96779,7578.69478,12255.38877,380.0361099,219.27618790000002,523.7239946000001,1123.036292,4551.316642,,4551.316642,2626.817742,4419.15416,1450.939711,693.2853683,3837.334796,4530.620165,63287.93606
2000,A.3.3.1: Expenditures by year,26950.76093,8170.935447,13045.53464,397.62562060000005,230.4681037,577.2433462,1205.3370699999998,5295.243134,,5295.243134,3134.92243,4896.323176,1595.5300730000001,873.4929944,4106.612446,4980.105441,69274.69235
2001,A.3.3.1: Expenditures by year,28606.54331,8784.353406,14001.528119999999,406.71711980000003,247.800079,559.2518045,1213.7690029999999,6071.083238,,6071.083238,3419.9072520000004,5601.753599,1737.0270829999997,1266.196301,4282.349084,5548.545385,74984.51039
2002,A.3.3.1: Expenditures by year,30683.55042,9308.194687000001,14939.4652,421.57490480000007,239.8631095,521.3579447,1182.795959,6816.476958,,6816.476958,3700.5374850000003,5814.626884,1856.0360829999997,1186.339066,4421.141043,5607.480109,79909.16377999999
2003,A.3.3.1: Expenditures by year,32903.18493,9841.961839,16084.36782,409.3292295,243.99739440000002,526.9293458999999,1180.25597,7575.002777,,7575.002777,4181.481985,6871.508229,2022.5506309999998,1325.1522619999998,4580.605157999999,5905.75742,86566.07161
2004,A.3.3.1: Expenditures by year,35269.82323,10629.236859999999,17084.00315,425.1938066000001,250.302387,530.7264213000001,1206.2226150000001,8271.922933,,8271.922933,4411.8725859999995,6977.757223,2133.101978,1397.715817,4657.909597,6055.625414,92039.56599
2005,A.3.3.1: Expenditures by year,37112.34994,11064.58406,18302.66368,450.37839180000003,223.04557400000002,469.66917750000005,1143.093143,8923.273599,,8923.273599,5116.613323,7814.851969,2333.675479,1452.070621,5002.930246,6455.000867,98266.10606
2006,A.3.3.1: Expenditures by year,39704.72301,11593.52206,19743.15648,504.4093942,231.5357674,482.7949447,1218.740106,9595.832366,,9595.832366,5185.686713,8467.358553,2394.39344,1718.756038,5339.187179,7057.943216,104961.356
2007,A.3.3.1: Expenditures by year,42377.192,12191.81812,21308.71779,541.8381995,239.8389315,541.9596047,1323.636736,10144.09675,,10144.09675,5704.537237,9055.115401,2549.352946,1918.42592,5799.464276,7717.890195999999,112372.3572
2008,A.3.3.1: Expenditures by year,45362.79745,12808.00966,23389.518780000002,586.7663446,264.33528340000004,619.5038808999999,1470.605509,10740.14186,,10740.14186,6761.015478,9488.835183,2447.218688,2403.010862,6438.308646,8841.319508,121309.4621
2009,A.3.3.1: Expenditures by year,48311.37546,13672.87626,25275.78531,666.3829082000001,296.0317539,658.5108307999999,1620.925493,11493.43907,,11493.43907,7241.732754000001,9818.186352,2465.229155,2335.097482,6798.925770999999,9134.023253,129033.5731
2010,A.3.3.1: Expenditures by year,51667.70202,14419.91557,27135.892480000002,716.5759512999999,312.68885939999996,673.0743100999999,1702.339121,11736.39603,,11736.39603,8043.676066,9868.233967,2429.2161079999996,2147.9260600000002,7048.620109,9196.546168,136199.9175
2011,A.3.3.1: Expenditures by year,53808.87247,14737.88764,28841.69453,723.369269,333.78170439999997,715.0051705,1772.156144,11987.16676,,11987.16676,7798.318520999999,10386.21327,2439.3287609999998,2086.2621480000003,7180.599354000001,9266.861502,141038.4996
2012,A.3.3.1: Expenditures by year,55473.8757,15090.25834,29861.322930000002,772.1279089999999,354.7725363,762.0440917999999,1888.944537,11989.36215,,11989.36215,8131.010281999999,10885.22253,2547.206932,2102.1826379999998,7335.123755,9437.306393,145304.5098
2013,A.3.3.1: Expenditures by year,56690.418020000005,15578.19525,31264.72305,788.3324647000001,359.74014819999996,710.1210617,1858.193675,12044.99963,,12044.99963,7445.471519,11384.60543,2583.670169,2066.500828,7521.930645,9588.431472,148438.7082
2014,A.3.3.1: Expenditures by year,57681.21931,16105.819969999999,32548.240360000003,812.47093,389.2371239,657.4431254,1859.151179,12524.62558,,12524.62558,6906.401462999999,12093.4345,2565.865287,2203.791076,7745.982681999999,9949.773759,152234.5314
2015,A.3.3.1: Expenditures by year,58811.22782000001,17387.457019999998,33943.356660000005,852.9222930999999,429.0760892,1146.412217,2428.4106,13154.29321,,13154.29321,7114.86888,12509.40384,2533.953595,2124.428821,8751.140694,10875.569520000001,158758.5411
2016,A.3.3.1: Expenditures by year,59748.91032,17872.2398,35342.89653,909.5095751,460.16126110000005,1322.197415,2691.8682519999998,13466.504840000001,,13466.504840000001,6480.347222,13025.71582,2615.101765,2228.142328,9261.676682,11489.81901,162733.4036
2017,A.3.3.1: Expenditures by year,61971.60656,18699.89428,36500.87768,937.4210036000001,482.87074759999996,1449.463273,2869.755024,13695.86235,,13695.86235,6581.199481000001,13593.73103,2691.1332829999997,2248.513301,9746.514567,11995.02787,168599.0875
2018,A.3.3.1: Expenditures by year,64445.3192,19572.60242,37641.140660000005,983.6214125,507.7760783,1522.993481,3014.3909719999997,14386.1378,,14386.1378,6161.492069,14197.73552,2758.4950670000003,2333.9713,10259.7633,12593.7346,174771.0483
1975,A.3.3.2: Percentage by year,55.23259019,8.565538147,19.49569716,0.606383322,0.38558299100000004,0.502338113,1.4943044269999999,1.7049173119999999,,1.7049173119999999,4.047523995,4.374253549,2.9178399610000003,0.7561159679999999,1.411219288,2.167335256,100.0
1976,A.3.3.2: Percentage by year,55.26090699,9.236074761,18.87288892,0.645325035,0.37575604799999995,0.498509597,1.51959068,1.9953557080000002,,1.9953557080000002,3.392487935,4.72039806,2.772401335,0.701957177,1.5279384390000001,2.229895616,100.0
1977,A.3.3.2: Percentage by year,53.80299917,9.921522852,19.01395442,0.7066794759999999,0.378732978,0.5110933329999999,1.596505786,2.250471342,,2.250471342,3.254158795,5.053001258,2.686007937,0.7858080909999999,1.635570357,2.421378448,100.0
1978,A.3.3.2: Percentage by year,52.61999213,10.48661889,19.38836358,0.797192896,0.39808437399999996,0.57915045,1.774427721,2.514787038,,2.514787038,3.487766952,4.719112428,2.4582674,0.822325636,1.72833822,2.550663856,100.0
1979,A.3.3.2: Percentage by year,51.45322841,10.86684922,19.27178064,0.98836239,0.398492529,0.610751306,1.997606225,2.6553020640000002,,2.6553020640000002,3.764506505,4.858286032,2.4168767769999997,0.848042608,1.867521524,2.715564132,100.0
1980,A.3.3.2: Percentage by year,50.97516918,10.81519688,19.21390699,1.1574519090000002,0.39917489700000003,0.6228647039999999,2.17949151,2.761038543,,2.761038543,3.7721196860000004,5.019442659,2.3465586590000003,0.8284052190000001,2.088670676,2.917075896,100.0
1981,A.3.3.2: Percentage by year,50.78251658,10.76420338,18.929937399999996,1.39622532,0.39485206799999994,0.635182522,2.42625991,2.842476792,,2.842476792,3.6700848969999997,5.045024869,2.231493268,0.8260484770000001,2.481954431,3.308002908,100.0
1982,A.3.3.2: Percentage by year,51.18781467,10.79618332,18.56600169,1.151714862,0.38864801299999996,0.609927889,2.150290764,2.915481893,,2.915481893,3.8627623110000004,4.903427003,2.331289455,0.785698508,2.501050391,3.2867488989999996,100.0
1983,A.3.3.2: Percentage by year,50.5158782,10.71461036,19.069385,0.9994688340000001,0.405199214,0.628809169,2.0334772180000003,3.1340681669999997,,3.1340681669999997,4.084519519,4.760034258,2.265826628,0.8249423929999999,2.597258252,3.422200645,100.0
1984,A.3.3.2: Percentage by year,49.84929157,10.45630086,19.47490904,0.954121633,0.42088029899999996,0.647490802,2.022492735,3.372512928,,3.372512928,4.077261133,4.923609713,2.315512548,0.8787175309999999,2.629391942,3.5081094719999997,100.0
1985,A.3.3.2: Percentage by year,48.96992376,10.18908289,19.81047171,0.915472793,0.433350877,0.713012167,2.0618358359999998,3.7172016269999997,,3.7172016269999997,4.109838909,5.036366353,2.31533508,0.9269971929999999,2.862946655,3.789943848,100.0
1986,A.3.3.2: Percentage by year,48.99272812,9.1684162,20.28283342,0.882784039,0.448987669,0.801290226,2.133061934,4.055424209,,4.055424209,4.154829272,4.826887595,2.256984311,1.026780379,3.1020545619999997,4.128834941,100.0
1987,A.3.3.2: Percentage by year,48.93414031,8.934584961,20.72766623,0.816602921,0.44872244,0.788337926,2.053663287,4.258086302,,4.258086302,3.9681468730000002,4.738118704,2.224028123,0.9039355509999999,3.2576296680000003,4.161565219,100.0
1988,A.3.3.2: Percentage by year,48.468017200000006,9.087939582,20.60208134,0.8158281070000001,0.473704005,0.775653206,2.0651853190000002,4.461887247,,4.461887247,4.063301511000001,4.681341098,2.094259924,0.901012405,3.5749743780000003,4.475986783,100.0
1989,A.3.3.2: Percentage by year,48.36093101,9.13465514,20.09622567,0.835731667,0.490610366,0.8148686709999999,2.141210704,4.702400689,,4.702400689,4.061888228,4.661188269,2.06335742,0.937880672,3.8402621939999997,4.7781428660000005,100.0
1990,A.3.3.2: Percentage by year,45.10114873,11.20588548,19.97311425,0.816634372,0.5182619310000001,0.834447684,2.169343987,5.004339814,,5.004339814,3.823502458,4.902475691,2.249531782,1.00079394,4.569863866,5.570657805,100.0
1991,A.3.3.2: Percentage by year,43.97942753,11.84785457,20.2187207,0.783214993,0.536044261,0.8941683429999999,2.213427597,5.258411891000001,,5.258411891000001,3.403547604,4.877410753,2.106043305,0.9425296329999999,5.152626412,6.095156043999999,100.0
1992,A.3.3.2: Percentage by year,43.77977845,12.08661975,19.80918744,0.763028558,0.506781418,0.9093960990000001,2.179206075,5.614204875,,5.614204875,3.275642847,4.983967599,2.04549615,1.076614752,5.149282057,6.22589681,100.0
1993,A.3.3.2: Percentage by year,43.54758008,11.91809095,19.84228185,0.784183552,0.442214516,0.886844596,2.113242664,5.855891047,,5.855891047,3.1771040210000003,5.181921402,2.064475796,1.02110045,5.2783117310000005,6.299412181,100.0
1994,A.3.3.2: Percentage by year,42.02083157,11.91654757,20.03079217,0.79609558,0.420649799,0.8162440209999999,2.0329894,5.869726856000001,,5.869726856000001,3.695265463,5.649784809,2.2125149019999997,0.98575912,5.585788141,6.571547261,100.0
1995,A.3.3.2: Percentage by year,41.32889069,12.29137234,19.8733905,0.7719952059999999,0.372857063,0.808883563,1.9537358319999998,6.36720097,,6.36720097,3.450111792,5.933209269,2.219115166,0.905412199,5.677561244,6.582973442999999,100.0
1996,A.3.3.2: Percentage by year,41.37022351,12.39615296,20.03279677,0.703346128,0.370314087,0.801518615,1.875178829,6.265101706,,6.265101706,3.170744628,6.164447151,2.171374132,0.878813191,5.675167129,6.55398032,100.0
1997,A.3.3.2: Percentage by year,40.40598089,12.37888506,20.1119896,0.6614535779999999,0.389651046,0.8117278920000001,1.862832515,6.518532577999999,,6.518532577999999,3.183659125,6.196360016,2.204407959,1.2970700720000001,5.840282198,7.137352271,100.0
1998,A.3.3.2: Percentage by year,39.7678783,12.12193248,19.65179259,0.595402064,0.345889371,0.8130332720000001,1.7543247069999999,6.77297384,,6.77297384,3.167155988,7.259375399,2.271468344,1.240335217,5.9927631329999995,7.23309835,100.0
1999,A.3.3.2: Percentage by year,39.11008849,11.97494381,19.3644943,0.600487444,0.34647391200000005,0.827525793,1.774487149,7.1914442560000005,,7.1914442560000005,4.150582095,6.982616965,2.2926007719999997,1.095446323,6.063295844,7.158742167000001,100.0
2000,A.3.3.2: Percentage by year,38.90419433,11.79497905,18.83160243,0.573983957,0.3326873,0.833267282,1.73993854,7.643834934,,7.643834934,4.525350202,7.067982563,2.303193301,1.260912124,5.928012536000001,7.1889246589999996,100.0
2001,A.3.3.2: Percentage by year,38.14993678,11.71489066,18.67256057,0.542401514,0.330468356,0.7458231059999999,1.6186929769999998,8.096449796,,8.096449796,4.560818274,7.470547676,2.3165145369999998,1.68861048,5.710978256000001,7.399588736,100.0
2002,A.3.3.2: Percentage by year,38.39803718,11.64846964,18.69555942,0.527567659,0.300169715,0.652438244,1.480175618,8.53028193,,8.53028193,4.630930058,7.276545779,2.3226824,1.484609536,5.532708432000001,7.0173179679999995,100.0
2003,A.3.3.2: Percentage by year,38.00933128,11.36930631,18.58045251,0.47285180200000004,0.281862616,0.608701927,1.363416345,8.750544684,,8.750544684,4.830393602,7.937876932,2.336424183,1.5307986580000001,5.291455501000001,6.822254159,100.0
2004,A.3.3.2: Percentage by year,38.32028416,11.548551699999999,18.56158595,0.461968505,0.271950855,0.576628557,1.310547917,8.987355431000001,,8.987355431000001,4.7934521839999995,7.581258286,2.317592391,1.518603224,5.060768755,6.579371978999999,100.0
2005,A.3.3.2: Percentage by year,37.76719301,11.25981735,18.62561204,0.458325266,0.226981187,0.477956435,1.163262888,9.080723718,,9.080723718,5.2068953669999996,7.952744117,2.37485291,1.4776922369999999,5.091206365,6.568898602000001,100.0
2006,A.3.3.2: Percentage by year,37.82794406,11.04551476,18.80992895,0.48056676600000003,0.22059144100000003,0.459973997,1.161132205,9.142252669,,9.142252669,4.94056757,8.067120014,2.28121428,1.63751318,5.086812313,6.724325492999999,100.0
2007,A.3.3.2: Percentage by year,37.71140258,10.84948152,18.9625975,0.482181039,0.21343232199999998,0.482289077,1.1779024390000001,9.027217198999999,,9.027217198999999,5.076459531,8.05813425,2.268665542,1.7072044830000002,5.160934968,6.868139451,100.0
2008,A.3.3.2: Percentage by year,37.39427796,10.55812913,19.28086925,0.48369379799999995,0.21790162,0.510680593,1.212276011,8.853507112,,8.853507112,5.5733620120000005,7.822007465,2.017335371,1.98089318,5.307342505,7.288235686,100.0
2009,A.3.3.2: Percentage by year,37.440934399999996,10.59637111,19.58853398,0.516441491,0.229422271,0.510340693,1.2562044540000001,8.907324497000001,,8.907324497000001,5.612285686,7.609016875,1.910533124,1.809682105,5.269113772,7.078795877,100.0
2010,A.3.3.2: Percentage by year,37.93519332,10.58731593,19.92357483,0.5261206939999999,0.22958079899999997,0.49418114399999996,1.249882637,8.617036076,,8.617036076,5.905786297000001,7.245403775,1.783566505,1.5770391780000002,5.175201451,6.752240629,100.0
2011,A.3.3.2: Percentage by year,38.15190365,10.44954937,20.44951883,0.512887808,0.23665999399999998,0.506957443,1.256505244,8.499216022999999,,8.499216022999999,5.529212621,7.364097961,1.72954815,1.47921465,5.091233511,6.57044816,100.0
2012,A.3.3.2: Percentage by year,38.17766963,10.38526496,20.55085762,0.53138606,0.244157966,0.524446277,1.299990303,8.251197551,,8.251197551,5.595841652000001,7.491317746,1.75301299,1.446742872,5.0481046769999995,6.494847549,100.0
2013,A.3.3.2: Percentage by year,38.19112865,10.49469875,21.06237883,0.531082811,0.242349285,0.47839345299999997,1.251825549,8.114460016,,8.114460016,5.015855776,7.669566492,1.7405636309999999,1.3921576469999999,5.067364662,6.459522309,100.0
2014,A.3.3.2: Percentage by year,37.88970793,10.57961017,21.38032683,0.533696871,0.255682545,0.431862022,1.221241437,8.227190942,,8.227190942,4.536685205,7.943949634,1.685468641,1.447628902,5.088190315,6.535819217,100.0
2015,A.3.3.2: Percentage by year,37.04444964,10.95213958,21.38049167,0.53724498,0.27026960899999997,0.722110577,1.5296251669999998,8.285723159,,8.285723159,4.4815660489999996,7.879515491,1.5961053669999998,1.338150884,5.512233,6.850383882999999,100.0
2016,A.3.3.2: Percentage by year,36.71582417,10.98252689,21.71828018,0.5588954420000001,0.28277001,0.81249294,1.6541583919999998,8.275193995,,8.275193995,3.9821862510000003,8.004328264,1.6069852340000002,1.36919789,5.691318732999999,7.060516623,100.0
2017,A.3.3.2: Percentage by year,36.75678644,11.09133777,21.64951081,0.556005977,0.286401756,0.859710034,1.7021177669999998,8.123331242999999,,8.123331242999999,3.903460912,8.062754802,1.5961731000000001,1.333645,5.7808821560000005,7.114527156,100.0
2018,A.3.3.2: Percentage by year,36.87413895,11.19899583,21.53740052,0.562805695,0.29053786800000003,0.871422067,1.72476563,8.231419299,,8.231419299,3.52546496,8.123619818,1.578347841,1.335445043,5.870402106,7.205847148999999,100.0
1975,A.3.3.3: Expenditures by year,221.95617709999996,34.42123745,78.34487568,2.4367954419999998,1.549493269,2.018682211,6.004970922,6.851334105,,6.851334105,16.26526929,17.57825574,11.72555191,3.0385069610000004,5.671087254,8.709594215,401.8572664
1976,A.3.3.3: Expenditures by year,254.91397740000002,42.6052463,87.05907016,2.976830824,1.733331463,2.299583395,7.009745682,9.204410272,,9.204410272,15.64926527,21.77480447,12.78885725,3.238070198,7.048253202000001,10.2863234,461.29170020000004
1977,A.3.3.3: Expenditures by year,268.59770130000004,49.53066321,94.92230038,3.5279163939999996,1.890727445,2.551502637,7.970146476,11.23490212,,11.23490212,16.24555481,25.22581535,13.40920709,3.9229457489999997,8.165166348,12.0881121,499.2244028
1978,A.3.3.3: Expenditures by year,286.35027660000003,57.06664136,105.50862990000002,4.338206776,2.1663167580000002,3.151651773,9.656175306,13.68510208,,13.68510208,18.97991601,25.68071743,13.37753051,4.474975456,9.405363007,13.88033846,544.1853277
1979,A.3.3.3: Expenditures by year,309.382585,65.34116528,115.8790905,5.9429139929999995,2.396091606,3.6723802119999998,12.01138581,15.96603832,,15.96603832,22.63556223,29.21233783,14.53241338,5.099186627,11.22920086,16.32838749,601.2889658
1980,A.3.3.3: Expenditures by year,350.1850131,74.29734756,131.9941136,7.951367665,2.742218786,4.27890457,14.97249102,18.96755486,,18.96755486,25.91339672,34.4821532,16.12019514,5.690909853,14.34857755,20.0394874,686.9717525000001
1981,A.3.3.3: Expenditures by year,408.0254278,86.48781083,152.0975392,11.21833796,3.1725423389999996,5.1035403089999996,19.49442061,22.83862414,,22.83862414,29.48825818,40.53557344,17.92951702,6.637102805,19.94191282,26.57901563,803.4761867999999
1982,A.3.3.3: Expenditures by year,477.83232010000006,100.7811206,173.3114749,10.75112481,3.62798418,5.693606184,20.07271518,27.21568572,,27.21568572,36.05843868,45.77292303,21.76231699,7.334404551,23.34701567,30.68142022,933.4884153999999
1983,A.3.3.3: Expenditures by year,519.3583291,110.1578817,196.0540782,10.27562981,4.165889902,6.464844145,20.90636385,32.22163931,,32.22163931,41.99331593,48.93834428,23.29516923,8.481307623,26.70264784,35.18395547,1028.1090769999998
1984,A.3.3.3: Expenditures by year,544.2242566000001,114.15553519999999,212.6152161,10.41651988,4.594915209,7.068910902000001,22.08034599,36.81904563,,36.81904563,44.51305805,53.75297725,25.27935815,9.593303732,28.70610253,38.29940626,1091.739199
1985,A.3.3.3: Expenditures by year,570.2858748,118.65834380000001,230.70552940000002,10.66126231,5.046646288,8.303479686000001,24.01138828,43.28917464,,43.28917464,47.86168524,58.65168599,26.96354804,10.79547128,33.34083275,44.13630402,1164.563534
1986,A.3.3.3: Expenditures by year,610.5880396000001,114.2644121,252.781504,11.00198737,5.595656965,9.986343831000001,26.58398817,50.54206231,,50.54206231,51.78093072,60.15667932,28.12841168,12.79658927,38.66037853,51.45696779,1246.2829960000001
1987,A.3.3.3: Expenditures by year,648.5803224,118.42030859999998,274.7275493,10.82337572,5.947433483999999,10.44874729,27.21955649,56.4373047,,56.4373047,52.59440468,62.79972505,29.4775972,11.98089529,43.17710472,55.15800001,1325.4147679999999
1988,A.3.3.3: Expenditures by year,690.3119592999999,129.4361466,293.4277892,11.61953659,6.746790128,11.047340400000001,29.41366712,63.54900212,,63.54900212,57.87209358,66.67460178,29.82776591,12.83278489,50.91703168,63.74981657,1424.262842
1989,A.3.3.3: Expenditures by year,742.9487362000001,140.3318826,308.72990150000004,12.83899571,7.537041658,12.51848624,32.89452360000001,72.24101307,,72.24101307,62.40108829,71.60788392,31.6984962,14.40826812,58.99634032,73.40460843,1536.258134
1990,A.3.3.3: Expenditures by year,741.1545254,184.1481419,328.22144069999996,13.41988569,8.516682744,13.71261475,35.64918319,82.23713152,,82.23713152,62.83223886,80.56318179,36.96692229,16.44620987,75.09731748,91.54352734,1643.3162929999999
1991,A.3.3.3: Expenditures by year,777.1012407000001,209.34748369999997,357.2577867,13.83913746,9.471716289,15.79964469,39.11049843,92.91431548,,92.91431548,60.13950644,86.18215744,37.21305521,16.65417192,91.04512273,107.6992946,1766.965339
1992,A.3.3.3: Expenditures by year,798.5526521,220.46256519999997,361.3238743,13.91780635,9.243802959,16.58758204,39.74919135,102.4043143,,102.4043143,59.74843581,90.90864973,37.31029332,19.63768654,93.92402129,113.5617078,1824.021684
1993,A.3.3.3: Expenditures by year,788.6201252999999,215.82936099999998,359.3316269,14.20108602,8.008235284,16.06021495,38.26953625,106.0466166,,106.0466166,57.53541679999999,93.84143728,37.38639799,18.49150661,95.58700737,114.07851399999998,1810.939032
1994,A.3.3.3: Expenditures by year,761.9814064,216.08776740000002,363.2267764,14.43593587,7.6278196739999995,14.80129602,36.86505157,106.438225,,106.438225,67.00780231,102.4499234,40.12046297,17.87518459,101.2894449,119.16462949999999,1813.3420449999999
1995,A.3.3.3: Expenditures by year,745.6581056,221.7616119,358.556798,13.92837971,6.72710752,14.59392148,35.24940871,114.8773881,,114.8773881,62.24710561,107.047286,40.03739716,16.3354964,102.43487040000001,118.7703668,1804.2054679999999
1996,A.3.3.3: Expenditures by year,742.8779157,222.59556490000003,359.72545099999996,12.62986421,6.649665712999999,14.39273051,33.67226043,112.5013428,,112.5013428,56.93651039,110.6939065,38.99098803,15.78069579,101.90799009999999,117.68868590000001,1795.6826260000003
1997,A.3.3.3: Expenditures by year,745.8865671,228.5118162,371.2634256,12.2103047,7.192882699,14.98433938,34.38752678,120.3308466,,120.3308466,58.76972971,114.3836036,40.69294319,23.94366186,107.81047620000001,131.75413799999998,1845.980597
1998,A.3.3.3: Expenditures by year,780.2615501,237.83712459999998,385.5759675,11.68202472,6.786486695,15.95203536,34.42054677,132.88843390000002,,132.88843390000002,62.14085705,142.4318255,44.5671101,24.33586906,117.58039029999999,141.9162594,1962.039675
1999,A.3.3.3: Expenditures by year,814.1056147999999,249.2673724,403.0863685,12.4995933,7.212112478,17.22556559,36.93727137,149.6952672,,149.6952672,86.39745699,145.3483717,47.72219224,22.80253092,126.212018,149.0145489,2081.5744640000003
2000,A.3.3.3: Expenditures by year,878.1886081,266.2493443,425.08780889999997,12.95660227,7.509786595,18.80943295,39.27582182,172.545117,,172.545117,102.15122209999998,159.5463388,51.99023278,28.46270645,133.8136714,162.2763779,2257.310872
2001,A.3.3.3: Expenditures by year,922.1595642999999,283.1721198,451.3527877,13.11091934,7.98807498,18.02802229,39.12701661,195.7072343,,195.7072343,110.24401470000001,180.5779399,55.99474642,40.81706121,138.0456605,178.8627217,2417.198146
2002,A.3.3.3: Expenditures by year,978.0369856000001,296.6983464,476.1948767,13.43768382,7.645627361,16.61826437,37.70157555,217.27494,,217.27494,117.95448950000001,185.3410075,59.16107853,37.81451195,140.9237001,178.7382121,2547.101512
2003,A.3.3.3: Expenditures by year,1038.739265,310.7064628,507.77650980000004,12.92234608,7.7028918189999995,16.63493071,37.26016861,239.13954930000003,,239.13954930000003,132.00757099999998,216.9305318,63.85104542,41.83448166,144.60771640000002,186.442198,2732.853301
2004,A.3.3.3: Expenditures by year,1102.347362,332.2134943,533.9552084,13.28930027,7.823123306,16.58768934,37.70011291,258.53638019999994,,258.53638019999994,137.8917064,218.0876332,66.6694393,43.68517341,145.58151669999998,189.26669009999998,2876.668027
2005,A.3.3.3: Expenditures by year,1148.559715,342.4287476,566.4341441,13.93839188,6.902854744,14.53540661,35.37665323,276.1590844,,276.1590844,158.3498741,241.8554514,72.22301058,44.93894407,154.8315896,199.7705337,3041.157214
2006,A.3.3.3: Expenditures by year,1219.03922,355.9515599,606.1667292000001,15.48669246,7.108755832999999,14.82307212,37.41852042,294.61724239999995,,294.61724239999995,159.21419440000003,259.9701341,73.51416382,52.77032203,163.9270616,216.69738360000002,3222.589148
2007,A.3.3.3: Expenditures by year,1288.533349,370.70800330000003,647.9191327999999,16.47529146,7.292613007999999,16.47898295,40.24688742,308.4443859,,308.4443859,173.453835,275.3324989,77.51637458,58.33222208,176.3402144,234.67243650000003,3416.826903
2008,A.3.3.3: Expenditures by year,1364.468122,385.2522743,703.5336126,17.64935183,7.950944121,18.63406458,44.23436053,323.0528542,,323.0528542,203.3646647,285.4147859,73.60991992,72.2801922,193.6579621,265.9381543,3648.868748
2009,A.3.3.3: Expenditures by year,1436.616961,406.5851107,751.6163953,19.81597458,8.802983447999999,19.58188562,48.20084365,341.77601739999994,,341.77601739999994,215.3446471,291.9596659,73.30757989,69.43790391,202.1770646,271.61496850000003,3837.0221890000003
2010,A.3.3.3: Expenditures by year,1519.402609,424.04938619999996,797.9907024,21.07249456,9.195304805,19.79323296,50.06103232,345.13458210000005,,345.13458210000005,236.54201600000002,290.1971608,71.43645155,63.16449794,207.2802033,270.4447013,4005.2586409999994
2011,A.3.3.3: Expenditures by year,1566.81761,429.1407871,839.8182828,21.06321238,9.71912304,20.81966488,51.6020003,349.0447412,,349.0447412,227.0730127,302.4278545,71.02886724,60.74820233,209.0861414,269.8343437,4106.787499
2012,A.3.3.3: Expenditures by year,1596.3454880000002,434.2452281,859.3051685,22.2191597,10.20912151,21.92898246,54.35726367,345.012205,,345.012205,233.98223769999998,313.2389011,73.2997693,60.49351564,211.0793875,271.5729032,4181.359164
2013,A.3.3.3: Expenditures by year,1612.705431,443.1620187,889.4058366,22.42615405,10.2337381,20.20122858,52.86112073,342.6511392,,342.6511392,211.80567680000001,323.8645197,73.49917429,58.78695597,213.98075419999998,272.7677102,4222.722627
2014,A.3.3.3: Expenditures by year,1623.206823,453.23377639999995,915.9398229000001,22.86373923,10.953519400000001,18.50110277,52.3183614,352.45540800000003,,352.45540800000003,194.3529992,340.3212626,72.20599858,62.01687053,217.97964900000002,279.9965195,4284.030971
2015,A.3.3.3: Expenditures by year,1641.281141,485.24246730000004,947.2781509,23.80302752,11.97449057,31.99363152,67.77114962,367.1049588,,367.1049588,198.559026,349.1076342,70.71660296,59.28774298,244.22347090000002,303.5112138,4430.5723450000005
2016,A.3.3.3: Expenditures by year,1647.582042,492.8287595,974.5838263,25.07981543,12.68899175,36.45972297,74.22853015,371.3401872,,371.3401872,178.6962081,359.1853868,72.11168679,61.44124248,255.3916398,316.83288230000005,4487.3895090000005
2017,A.3.3.3: Expenditures by year,1688.22781,509.4217063,994.3553217,25.53718219,13.1543439,39.48621542,78.17774152,373.10208639999996,,373.10208639999996,179.2847499,370.3198292,73.3117358,61.25390153,265.5141258,326.7680273,4592.969008
2018,A.3.3.3: Expenditures by year,1738.773466,528.0805833000001,1015.580611,26.53869721,13.70010394,41.09127997,81.33008113,388.14664889999995,,388.14664889999995,166.2407612,383.0634421,74.42585574,62.97194922,276.8145836,339.78653280000003,4715.427982
